Workbook

Sheet Huong dan su dung
A3: STT | B3: Tên Sheet | C3: Hướng dẫn
A4: 1 | B4: Master List | C4: Nhập đầy đủ thông tin các cột
A5: =A4+1 -> 2 | B5: Nghỉ việc | C5: Cắt danh sách nghỉ việc từ sheet Master List và nhập Ngày nghỉ việc + Lý do nghỉ việc
A6: =A5+1 -> 3 | B6: Theo dõi diêng HĐTV
A7: =A6+1 -> 4 | B7: Lấy số HĐTV và mã nhân viên cho nhân sự mới | C7: Điền đầy đủ các cột, mã số nhân viên lấy số tiếp theo
A8: =A7+1 -> 5 | B8: Lấy số HĐLĐ | C8: Điền đầy đủ các cột
A9: =A8+1 -> 6 | B9: Danh mục HĐLĐ | C9: Thống kê HĐLĐ từng năm

Sheet Master List
A1: 1 | B1: =A1+1 -> 2 | C1: =B1+1 -> 3 | D1: =C1+1 -> 4 | E1: =D1+1 -> 5 | F1: =E1+1 -> 6 | G1: =F1+1 -> 7 | H1: =G1+1 -> 8 | I1: =H1+1 -> 9 | ... BE1: =BD1+1 -> 57 | BG1: =BF1+1 -> 1
A2: Stt | B2: Mã số | C2: Họ và tên Nhân viên | D2: Giới tính | E2: Ngày sinh | F2: Tháng sinh nhật | G2: CCCD | H2: Ngày cấp CCCD | I2: Nơi cấp CCCD | J2: Địa chỉ thường trú (ghi theo CCCD) | K2: Số nhà/ Đường (nơi ở hiện tại) | L2: Phường/ Xã (nơi ở hiện tại) | M2: Quận/ Huyện (nơi ở hiện tại) | N2: Thành phố/ Tỉnh (nơi ở hiện tại) | O2: Số điện thoại liên lạc | P2: Tình trạng hôn nhân | Q2: Họ tên người liên hệ khẩn cấp | R2: Mối quan hệ | S2: Số điện thoại người thân | T2: Nghề nghiệp | U2: Vị trí | V2: Cấp bậc | W2: Phòng ban | X2: Quản lý trực tiếp | Y2: Bằng cấp chuyên môn/ Trình độ văn hóa cao nhất | Z2: Chuyên ngành | AA2: Địa chỉ email (nếu có) | AB2: Ngày thử việc | AC2: Ngày nhận việc chính thức | AD2: Ngày ký hợp đồng | AE2: Thâm niên làm việc | AF2: Tháng đóng BHXH | AG2: Số HĐLĐ cũ | AH2: Trạng thái HĐ | AI2: Ngày ký HĐTV | AJ2: Ngày kết thúc HĐTV | AK2: Ngày ký HĐLĐ XĐTH Lần 1 | AL2: Ngày kết thúc HĐLĐ XĐTH Lần 1 | AM2: Ngày ký HĐLĐ XĐTH Lần 2 | AN2: Ngày kết thúc HĐLĐ XĐTH Lần 2 | AO2: Ngày ký HĐLĐ KXĐTH | AP2: Số sổ BHXH | AQ2: Mức đóng BHXH trên HĐLĐ cũ | AR2: Mức đóng BHXH Từ ngày …./.../…. | AS2: STK cá nhân | AT2: Ghi chú | AU2: Mức lương gross Thử việc | AV2: Mức lương gross Chính thức | AW2: Phụ cấp (nếu có) | AX2: Mức lương điều chỉnh tăng lần 1 | AY2: Ngày hiệu lực | AZ2: Mức lương điều chỉnh tăng lần 2 | BA2: Ngày hiệu lực | BB2: Mức lương điều chỉnh tăng lần 3 | BC2: Ngày hiệu lực | BD2: Mức lương gross hiện tại | BE2: Ngày hiệu lực | BF2: =TODAY() -> 46230 | BG2: Số HĐLĐ mới nhất
A3: =SUBTOTAL(3,$C$3:C3) -> 1 | B3: MS00001 | C3: Phạm Hoàng Anh | D3: Nam | E3: 28140 | F3: =MONTH(E3) -> 1 | G3: 086077004305 | H3: 10/05/2021 | I3: CTCCSQLHCVTTXH | J3: 22A Vũ Ngọc Phan, P. 13, Q. Bình Thạnh, TP. HCM | K3: 22A Vũ Ngọc Phan | L3: 13 | M3: Bình Thạnh | N3: Hồ Chí Minh | O3: 0968888878, 0913148259 | U3: Chủ tịch Hội đồng quản trị | V3: QL Bậc 1 | W3: Chủ tịch Hội đồng quản trị | Y3: Thạc sĩ | AB3: 40311 | AC3: 40360 | AD3: 40360 | AE3: =DATEDIF(AC3,$BF$2,"y") -> 16 | AF3: =VLOOKUP(C3,'[1]T03.2024'!$B$8:$O$58,14,0) -> T07/2010 | AH3: CT | AP3: 0205105429 | AQ3: 7100000
A4: =SUBTOTAL(3,$C$3:C4) -> 2 | B4: MS00002 | C4: Phạm Hoàng Em | D4: Nam | E4: 28990 | F4: =MONTH(E4) -> 5 | G4: 079079021883 | H4: 10/07/2021 | I4: CTCCSQLHCVTTXH | J4: 15/83/107 Võ Duy Ninh, P.22, Q. Bình Thạnh, TP.HCM | K4: 56/25 đường số 4 | L4: Hiệp Bình Chánh | M4: Tp. Thủ Đức | N4: Hồ Chí Minh | O4: 0914353320 | Q4: Lê Thị Thúy | R4: Vợ | S4: 0914353320 | T4: Thạc sĩ kinh tế | U4: Tổng Giám đốc | V4: QL Bậc 2 | W4: Ban Giám Đốc | X4: Trần Thị Thi | Y4: Thạc sĩ kinh tế (QTKD) | AA4: hoangpham15051979@gmail.com | AB4: 46113 | AC4: 46113 | AD4: 46113 | AE4: =DATEDIF(AC4,$BF$2,"y") -> 0 | AF4: T04/2026 | AG4: 05/HĐLĐ/2026/TP | AH4: CT | AP4: 0205105425 | AQ4: 5682000 | BG4: 4
A5: =SUBTOTAL(3,$C$3:C5) -> 3 | B5: MS00003 | C5: Nguyễn Hiếu Thiện | D5: Nam | E5: 26451 | F5: =MONTH(E5) -> 6 | G5: 079072004383 | H5: 22/12/2021 | I5: CTCCSQLHCVTTXH | J5: 78/21/52, Đường số 11, P.11, Gò Vấp, TP HCM | K5: 78/21/52, Đường số 11 | L5: Phường 11 | M5: Gò Vấp | N5: Hồ Chí Minh | O5: 0914303825 | Q5: Lê Thị Xuân Mai | R5: Vợ | S5: 0909591266 | T5: Kỹ sư xây dựng | U5: Phó Tổng Giám đốc | V5: QL Bậc 2 | W5: Ban Giám Đốc | X5: Phạm Hoàng Em | Y5: Kỹ sư xây dựng | AA5: nguyenhieuthien72@gmail.com | AB5: 43330 | AC5: 43330 | AD5: 43330 | AE5: =DATEDIF(AC5,$BF$2,"y") -> 7 | AF5: =VLOOKUP(C5,'[1]T03.2024'!$B$8:$O$58,14,0) -> T09/2018 | AG5: 03/HĐLĐ/2018/TP | AH5: CT | AP5: 0203097816 | AQ5: 5682000 | BG5: 5
A6: =SUBTOTAL(3,$C$3:C6) -> 4 | B6: MS00064 | C6: Nguyễn Bảo Ngọc | D6: Nữ | E6: 34539 | F6: =MONTH(E6) -> 7 | G6: 079194022415 | H6: 09/08/2021 | I6: CTCCSQLHCVTTXH | J6: 56/36/13, Đường số 4, Khu phố 2, Hiệp Bình Chánh, TP Thủ Đức | K6: 56/36/13 đường số 4 | L6: Hiệp Bình Chánh | M6: Thủ Đức | N6: Thủ Đức | O6: 0764969379 | Q6: Tạ Ngọc Hoàng Quân | R6: Chổng | S6: 0988990033 | T6: Hành chính - Nhân sự | U6: Nhân viên Hành Chính Nhân Sự | V6: Nhân viên | W6: Hành chính - Nhân sự | X6: Trần Thị Thi | Y6: Cử nhân tài chính doanh nghiệp | AA6: ngocnb2407@gmail.com | AB6: 44341 | AC6: 44504 | AD6: 44504 | AE6: =DATEDIF(AC6,$BF$2,"y") -> 4 | AF6: =VLOOKUP(C6,'[1]T03.2024'!$B$8:$O$58,14,0) -> T11/2021 | AG6: 05/HĐLĐ/2021/TP | AH6: CT | AP6: 7916450461 | AQ6: 5682000 | BG6: 6
A7: =SUBTOTAL(3,$C$3:C7) -> 5 | B7: MS00027 | C7: Huỳnh Văn Lũy | D7: Nam | E7: 29754 | F7: =MONTH(E7) -> 6 | G7: 046081003631 | H7: 27/12/2021 | I7: CTCCSQLHCVTTXH | J7: Phú Thuận ,Phú Vang , Thừa Thiên Huế | K7: 108/7 đường số 1 | L7: 16 | M7: Gò Vấp | N7: Hồ Chí Minh | O7: 0389636252 | Q7: Nguyễn Thị Thương | R7: Vợ | S7: 0937191886 | T7: Tài xế | U7: Tài xế văn phòng | V7: Nhân viên | W7: Hành chính - Nhân sự | X7: Trần Thị Thi | Y7: 12/12 | AA7: Thanhlong111@icloud.com | AB7: 41192 | AC7: 41192 | AD7: 41365 | AE7: =DATEDIF(AC7,$BF$2,"y") -> 13 | AF7: =VLOOKUP(C7,'[1]T03.2024'!$B$8:$O$58,14,0) -> T04/2013 | AG7: 01/HĐLĐ/2013/TP | AH7: CT | AP7: 7913037584 | AQ7: 5682000 | BG7: 7
A8: =SUBTOTAL(3,$C$3:C8) -> 6 | B8: MS00028 | C8: Đồng Văn Thạch | D8: Nam | E8: 27030 | F8: =MONTH(E8) -> 1 | G8: 072074011985 | H8: 27/12/2021 | I8: CTCCSQLHCVTTXH | J8: Trường Phương, Trường Tây, Hoa Thành, Tây Ninh | K8: 1/21H đường 53 | L8: Phương Hiệp Bình Chánh | M8: Tp. Thủ Đức | N8: Hồ Chí Minh | O8: 0988142133 | Q8: Phạm Thị Mỹ Dung | R8: Vợ | S8: 0904896619 | T8: Tài xế | U8: Tài xế văn phòng | V8: Nhân viên | W8: Hành chính - Nhân sự | X8: Trần Thị Thi | Y8: 5/12 | AA8: dongvanthach010174@gmail.com | AB8: 43739 | AC8: 43739 | AD8: 43770 | AE8: =DATEDIF(AC8,$BF$2,"y") -> 6 | AF8: =VLOOKUP(C8,'[1]T03.2024'!$B$8:$O$58,14,0) -> T11/2019 | AG8: 25/HĐLĐ/2019/TP | AH8: CT | AP8: 0205357705 | AQ8: 5682000 | BG8: 8
A9: =SUBTOTAL(3,$C$3:C9) -> 7 | B9: MS00031 | C9: Trần Văn Khình | D9: Nam | E9: 30944 | F9: =MONTH(E9) -> 9 | G9: 089084018012 | H9: 44845 | I9: CTCCSQLHCVTTXH | J9: Tổ 9, Ấp 2 Vĩnh Xương, thị xã Tân Châu, An Giang | K9: 22A Vũ Ngọc Phan | L9: 13 | M9: Bình Thạnh | N9: Hồ Chí Minh | O9: 0925578743 | Q9: Nguyễn Thị Phương | R9: Vợ | S9: 0394716626 | T9: Bảo vệ | U9: Bảo vệ | V9: Nhân viên | W9: Hành chính - Nhân sự | X9: Trần Thị Thi | Y9: không có | AB9: 43899 | AC9: 43960 | AD9: 44564 | AE9: =DATEDIF(AC9,$BF$2,"y") -> 6 | AF9: =VLOOKUP(C9,'[1]T03.2024'!$B$8:$O$58,14,0) -> T01/2022 | AG9: 03/HĐLĐ/2022/TP | AH9: CT | AP9: 8922834930 | AQ9: 5682000 | BG9: 9
A10: =SUBTOTAL(3,$C$3:C10) -> 8 | B10: MS00021 | C10: Võ Thị Muội | D10: Nữ | E10: 28756 | F10: =MONTH(E10) -> 9 | G10: 087178001172 | H10: 02/04/2021 | I10: CTCCSQLHCVTTXH | J10: Tổ 15, Ấp Trà Đư, Thường Lạc, Hồng Ngự, Đồng Tháp | K10: 22A Vũ Ngọc Phan | L10: 13 | M10: Bình Thạnh | N10: Hồ Chí Minh | O10: 0907377749 | T10: Kế toán | U10: Thành viên hội đồng quản trị | V10: Nhân viên | W10: Tài chính - Kế toán | X10: Phạm Hoàng Em | Y10: Đại học | AB10: 40422 | AC10: 40422 | AD10: 40422 | AE10: =DATEDIF(AC10,$BF$2,"y") -> 15 | AF10: =VLOOKUP(C10,'[1]T03.2024'!$B$8:$O$58,14,0) -> T09/2010 | AG10: 01/HĐLĐ/2010/TP | AH10: CT | AP10: 7910430254 | AQ10: 5682000 | BG10: 10
A11: =SUBTOTAL(3,$C$3:C11) -> 9 | B11: MS00063 | C11: Đặng Hà Đoan Dung | D11: Nữ | E11: 31273 | F11: =MONTH(E11) -> 8 | G11: 056185003113 | H11: 20/12/2021 | I11: CTCCSQLHCVTTXH | J11: 58/17 E, Trương Văn Thành, P. Hiệp Phú. Q.9 | K11: 3/58F, Đường 182 | L11: Phường Tăng Nhơn Phú A | M11: 9 | N11: Hồ Chí Minh | O11: 0933864646 | Q11: Đặng Đức Cường | R11: Chổng | S11: 0973126162 | T11: Kế toán | U11: Nhân viên kế toán | V11: Nhân viên | W11: Tài chính - Kế toán | X11: Lê Mĩ Dung | Y11: Cử nhân tài chính ngân hàng | AA11: dh_doandung@yahoo.com | AB11: 42079 | AC11: 42079 | AD11: 42461 | AE11: =DATEDIF(AC11,$BF$2,"y") -> 11 | AF11: =VLOOKUP(C11,'[1]T03.2024'!$B$8:$O$58,14,0) -> T04/2016 | AG11: 02/HĐLĐ/2016/TP | AH11: CT | AP11: 7909247191 | AQ11: 5682000 | BG11: 11
A12: =SUBTOTAL(3,$C$3:C12) -> 10 | B12: MS00023 | C12: Huỳnh Thị Nhiên | D12: Nữ | E12: 30399 | F12: =MONTH(E12) -> 3 | G12: 083183019670 | H12: 10/07/2021 | I12: CTCCSQLHCVTTXH | J12: 51 Đường 6, P An Khánh, TP Thủ Đức, HCM | K12: 51 Đường 6 | L12: P An Khánh | M12: Tp. Thủ Đức | N12: Hồ Chí Minh | O12: 0907275123 | Q12: Ngô Phú Diễn | R12: Chồng | S12: 0909994134 | T12: Kế toán | U12: Nhân viên kế toán | V12: Nhân viên | W12: Tài chính - Kế toán | X12: Lê Mĩ Dung | Y12: Cử nhân ngành kế toán | AA12: huynhnhienbt@gmail.com | AB12: 43314 | AC12: 43374 | AD12: 44743 | AE12: =DATEDIF(AC12,$BF$2,"y") -> 7 | AF12: T07/2022 | AG12: 02/HĐLĐ/2020/PĐ | AH12: CT | AP12: 0206001901 | AQ12: 5682000 | AT12: Phú Đức | BG12: 12
A13: =SUBTOTAL(3,$C$3:C13) -> 11 | B13: MS00008 | C13: Nguyễn Thành Trung | D13: Nam | E13: 30376 | F13: =MONTH(E13) -> 3 | G13: 049083000048 | H13: 22/12/2021 | I13: CTCCSQLHCVTTXH | J13: 137 Nguyễn Xí, Phường 26, Bình Thạnh, TP. HCM | K13: 520/111/3 Quốc lộ 13; Khu phố 6 | L13: Hiệp Bình Phước | M13: Tp. Thủ Đức | N13: Hồ Chí Minh | O13: 0909711588 | Q13: Phạm Thị Hà Nguyên | R13: Vợ | S13: 0908732975 | T13: Kỹ sư xây dựng cầu đường bộ | U13: Trợ lý Chủ tịch HĐQT | V13: QL Bậc 3 | W13: Kỹ thuật - Thi công | X13: Phạm Hoàng Anh | Y13: Kỹ sư xây dựng Cầu Đường Bộ | AA13: thanhtrung_625@yahoo.com.vn | AB13: 43678 | AC13: 43709 | AD13: 43739 | AE13: =DATEDIF(AC13,$BF$2,"y") -> 6 | AF13: =VLOOKUP(C13,'[1]T03.2024'!$B$8:$O$58,14,0) -> T10/2019 | AG13: 10/HĐLĐ/2019/TP | AH13: CT | AP13: 0206313215 | AQ13: 5682000 | BG13: 13
A14: =SUBTOTAL(3,$C$3:C14) -> 12 | B14: MS00010 | C14: Nguyễn Thành Nhân | D14: Nam | E14: 33626 | F14: =MONTH(E14) -> 1 | G14: 058092008735 | H14: 16/01/2022 | I14: CTCCSQLHCVTTXH | J14: KP5, P. Phủ Hà, Phan Rang-Tháp Chàm, Ninh Thuận | K14: 91/43 Nguyên Hồng | L14: Phường 1 | M14: Gò Vấp | N14: Hồ Chí Minh | O14: 0796695039 | Q14: Nguyễn Thị Ánh Tuyết | R14: Vơ | S14: 0909258751 | T14: Kỹ sư xây dựng | U14: Trưởng bộ phận QA/ QC/ QS | V14: QL Bậc 4 | W14: Kỹ thuật - Thi công | X14: Nguyễn Hiếu Thiện | Y14: Kỹ sư xây dựng | AA14: ksnhan.ou@gmail.com | AB14: 42081 | AC14: 42081 | AD14: 42461 | AE14: =DATEDIF(AC14,$BF$2,"y") -> 11 | AF14: =VLOOKUP(C14,'[1]T03.2024'!$B$8:$O$58,14,0) -> T04/2016 | AG14: 03/HĐLĐ/2016/TP | AH14: CT | AP14: 7916037564 | AQ14: 5682000 | BG14: 14
A15: =SUBTOTAL(3,$C$3:C15) -> 13 | B15: MS00019 | C15: Phan Vũ Thịnh | D15: Nam | E15: 32150 | F15: =MONTH(E15) -> 1 | G15: 086088011754 | H15: 44711 | I15: CTCCSQLHCVTTXH | J15: 15A/1 Khóm 2 thị trấn Long Hồ, huyện Long Hồ, tỉnh Vĩnh Long | K15: 232/1/32 Bình Lợi | L15: Phường 13 | M15: Bình Thạnh | N15: Hồ Chí Minh | O15: 0914549944 | Q15: Lê Quốc Chánh | R15: Anh | S15: 0988322584 | T15: Kỹ sư xây dựng | U15: Cán bộ QA/ QC/ QS | V15: Nhân viên | W15: Kỹ thuật - Thi công | X15: Phạm Hồng Nhiên | Y15: Kỹ sư xây dựng | AA15: vuthinh2019@gmail.com | AB15: 43598 | AC15: 43617 | AD15: 43862 | AE15: =DATEDIF(AC15,$BF$2,"y") -> 7 | AF15: =VLOOKUP(C15,'[1]T03.2024'!$B$8:$O$58,14,0) -> T02/2020 | AG15: 01/HĐLĐ/2020/TP | AH15: CT | AP15: 7913036175 | AQ15: 5682000 | BG15: 15
A16: =SUBTOTAL(3,$C$3:C16) -> 14 | B16: MS00050 | C16: Lê Minh Hoàng | D16: Nam | E16: 32235 | F16: =MONTH(E16) -> 4 | G16: 052088009432 | H16: 13/01/2022 | I16: CTCCSQLHCVTTXH | J16: Kỳ Sơn-Phước Sơn-Tuy Phước-Bình Định | K16: 323/20D-Đường Tỉnh lộ 15-Ấp Phú An | L16: Phú Hòa Đông | M16: Củ Chi | N16: Hồ Chí Minh | O16: 0982543268, 0932415363 | Q16: Lê Minh Vũ | R16: Người nhà | S16: 0935841468 | T16: Kỹ sư xây dựng cầu đường | U16: Cán bộ kỹ thuật | V16: Nhân viên | W16: Kỹ thuật - Thi công | X16: Nguyễn Thành Trung (0909711588, 0901394013) | Y16: Kỹ sư xây dựng cầu đường | AA16: leminhps@gmail.com | AB16: 44326 | AC16: 44326 | AD16: 44347 | AE16: =DATEDIF(AC16,$BF$2,"y") -> 5 | AF16: =VLOOKUP(C16,'[1]T03.2024'!$B$8:$O$58,14,0) -> T06/2021 | AG16: 01/HĐLĐ/2021/TP | AH16: CT | AP16: 5221303235 | AQ16: 5682000 | BG16: 16
A17: =SUBTOTAL(3,$C$3:C17) -> 15 | B17: MS00016 | C17: Huỳnh Ngọc Hùng | D17: Nam | E17: 32157 | F17: =MONTH(E17) -> 1 | G17: 086088002381 | H17: 45033 | I17: CTCCSQLHCVTTXH | J17: Ấp Tường Nhơn, xã Tường Lộc, Tam Bình, Vĩnh Long | K17: 22/6 Tân Thuận Tây | L17: Tân Thuận Tây | M17: 7 | N17: Hồ Chí Minh | O17: 0916026056 | Q17: Đặng Thị My | R17: Vợ | S17: 0365146510 | T17: Điện công nghiệp và dân dụng | U17: Cán bộ kỹ thuật M&E | V17: Nhân viên | W17: Kỹ thuật - Thi công | X17: Nguyễn Ngọc Phi Hổ | Y17: Cao Đẳng điện công nghiệp và dân dụng | AA17: huynhngochung1501@gmail.com | AB17: 43693 | AC17: 43693 | AD17: 43891 | AE17: =DATEDIF(AC17,$BF$2,"y") -> 6 | AF17: =VLOOKUP(C17,'[1]T03.2024'!$B$8:$O$58,14,0) -> T03/2020 | AG17: 08/HĐLĐ/2020/TP | AH17: CT | AP17: 7413215969 | AQ17: 5682000 | BG17: 17
A18: =SUBTOTAL(3,$C$3:C18) -> 16 | B18: MS00033 | C18: Nguyễn Văn Trường | D18: Nam | E18: 33336 | F18: =MONTH(E18) -> 4 | G18: 038091013623 | H18: 44798 | I18: CTCCSQLHCVTTXH | J18: 361/70/89a ấp 6 , Đông Thạnh, Hóc Môn, Hcm | K18: Tổ 49, ấp Thới Tứ | L18: Thới Tam Thôn | M18: Hóc Môn | N18: Hồ Chí Minh | O18: 0919193368 | Q18: Trần Thu Thủy | R18: Vợ | S18: 0932775188 | T18: Kỹ sư kinh tế xây dựng | U18: TBP nhôm kính | V18: Nhân viên | W18: Kỹ thuật - Thi công | X18: Nguyễn Minh Hiếu | Y18: Kỹ sư | AA18: Truongnvktxd@gmail.com | AB18: 44004 | AC18: 44005 | AD18: 44075 | AE18: =DATEDIF(AC18,$BF$2,"y") -> 6 | AF18: =VLOOKUP(C18,'[1]T03.2024'!$B$8:$O$58,14,0) -> T09/2020 | AG18: 17/HĐLĐ/2020/TP | AH18: CT | AP18: 7915035064 | AQ18: 5682000 | BG18: 18
A19: =SUBTOTAL(3,$C$3:C19) -> 17 | B19: MS00014 | C19: Nguyễn Ngọc Phi Hổ | D19: Nam | E19: 29306 | F19: =MONTH(E19) -> 3 | G19: 056080003320 | H19: 24/06/2022 | I19: CTCCSQLHCVTTXH | J19: 63/1 Xóm Cồn, phường Xương Huân, Tp Nha Trang, tỉnh Khánh Hòa | K19: 361/14/23C Bình Đông | L19: Phường 15 | M19: Quận 8 | N19: Hồ Chí Minh | O19: 0905202687 | Q19: Quách Tố Thanh | R19: Vợ | S19: 0909448038 | T19: Kỹ sư điện | U19: Trưởng bộ phận M&E | V19: QL Bậc 4 | W19: Kỹ thuật - Thi công | X19: Nguyễn Minh Hiếu | Y19: Kỹ sư điện | AA19: honguyen260380@gmail.com | AB19: 41395 | AC19: 41395 | AD19: 42795 | AE19: =DATEDIF(AC19,$BF$2,"y") -> 13 | AF19: =VLOOKUP(C19,'[1]T03.2024'!$B$8:$O$58,14,0) -> T03/2017 | AG19: 02/HĐLĐ/2017/TP | AH19: CT | AP19: 7908055913 | AQ19: 5682000 | BG19: 19
A20: =SUBTOTAL(3,$C$3:C20) -> 18 | B20: MS00059 | C20: Nguyễn Quốc Trị | D20: Nam | E20: 29901 | F20: =MONTH(E20) -> 11 | G20: 052081010885 | H20: 19/02/2022 | I20: CTCCSQLHCVTTXH | J20: Phước Hưng, Tuy Phước, Bình Định | K20: 269b Nguyễn Thái Học | L20: Phường Mỹ Hòa | M20: Tp. Long xuyên | N20: Tỉnh An Giang | O20: 0933887426 | Q20: Nguyển Thị Thu Thủy | R20: Mẹ | S20: 0966483549 | T20: Xây dựng | U20: Cán bộ kỹ thuật | V20: Nhân viên | W20: Kỹ thuật - Thi công | X20: Âu Văn Vũ | Y20: Trung cấp xây dựng | AA20: Quoctrixdtd@gmail.com | AB20: 44007 | AC20: 44007 | AD20: 44075 | AE20: =DATEDIF(AC20,$BF$2,"y") -> 6 | AF20: =VLOOKUP(C20,'[1]T03.2024'!$B$8:$O$58,14,0) -> T09/2020 | AG20: 20/HĐLĐ/2020/TP | AH20: CT | AP20: 5221269029 | AQ20: 5682000 | BG20: 20
A21: =SUBTOTAL(3,$C$3:C21) -> 19 | B21: MS00060 | C21: Phan Phú Trường | D21: Nam | E21: 25329 | F21: =MONTH(E21) -> 5 | G21: 086069008859 | H21: 30/06/2022 | I21: CTCCSQLHCVTTXH | J21: Ấp 8-Mỹ Lộc-Tam Bình-Vĩnh Long | K21: 323/20D-Đường Tỉnh Lộ 15-Ấp Phú An | L21: Phú Hòa Đông | M21: Củ Chi | N21: Hồ Chí Minh | O21: 0933170366 | Q21: Luyến | R21: Anh | S21: 0965325539 | T21: Tài xế | U21: Tài xế | V21: Nhân viên | W21: Vật tư - Thiết bị | X21: Dương Thái Luyến | Y21: Bằng lái cẩu tháp | AA21: Không | AB21: 43983 | AC21: 43983 | AD21: 44564 | AE21: =DATEDIF(AC21,$BF$2,"y") -> 6 | AF21: =VLOOKUP(C21,'[1]T03.2024'!$B$8:$O$58,14,0) -> T01/2022 | AG21: 05/HĐLĐ/2022/TP | AH21: CT | AP21: 8622459133 | AQ21: 5682000 | BG21: 22
A22: =SUBTOTAL(3,$C$3:C22) -> 20 | B22: MS00052 | C22: Nguyễn Văn Pha | D22: Nam | E22: 29221 | F22: =MONTH(E22) -> 1 | G22: 086080012613 | H22: 25/02/2022 | I22: CTCCSQLHCVTTXH | J22: Phú Sơn C-Long Phú-Tam Bình-Vĩnh Long | K22: 323/20D-Đường Tỉnh Lộ 15-Ấp Phú An | L22: Phú Hòa Đông | M22: Củ Chi | N22: Hồ Chí Minh | O22: 0899675705 | Q22: Luyến | R22: Anh | S22: 0965325539 | T22: Tài xế | U22: Tài xế | V22: Nhân viên | W22: Vật tư - Thiết bị | X22: Dương Thái Luyến | Y22: Không | AA22: Không | AB22: 43983 | AC22: 43983 | AD22: 44564 | AE22: =DATEDIF(AC22,$BF$2,"y") -> 6 | AF22: =VLOOKUP(C22,'[1]T03.2024'!$B$8:$O$58,14,0) -> T01/2022 | AG22: 04/HĐLĐ/2022/TP | AH22: CT | AP22: 8621765075 | AQ22: 5682000 | BG22: 23
A23: =SUBTOTAL(3,$C$3:C23) -> 21 | B23: MS00007 | C23: Dương Huỳnh Tâm Quyên | D23: Nữ | E23: 31247 | F23: =MONTH(E23) -> 7 | G23: 094185007086 | H23: 12/08/2021 | I23: CTCCSQLHCVTTXH | J23: Tổ 16, KP2, Phú Bình, TP. Long Khánh, Đồng Nai | K23: 294 Bình Lợi | L23: P 13 | M23: Bình Thạnh | N23: Hồ Chí Minh | O23: 0909063985 | R23: Người nhà | S23: 0937204379 | U23: Nhân viên vật tư | V23: Nhân viên | W23: Vật tư - Thiết bị | X23: Lê Thị Thúy | Y23: Cao đẳng sư phạm | AA23: tamquyen1985@gmail.com | AB23: 43992 | AC23: 43992 | AD23: 44835 | AE23: =DATEDIF(AC23,$BF$2,"y") -> 6 | AF23: T10/2022 | AG23: 03/HĐLĐ/2020/PĐ | AH23: CT | AP23: 0205260269 | AQ23: 5682000 | AT23: Phú Đức | BG23: 24
A24: =SUBTOTAL(3,$C$3:C24) -> 22 | B24: MS00004 | C24: Dương Thái Luyến | D24: Nam | E24: 32428 | F24: =MONTH(E24) -> 10 | G24: 091088013166 | H24: 44928 | I24: CTCCSQLHCVTTXH | J24: ấp Vĩnh Phong, Vĩnh Tuy, Gò Quao, Kiên Giang | K24: 323/20D-Đường Tỉnh Lộ 15-Ấp Phú An | L24: Phú Hòa Đông | M24: Củ Chi | N24: Hồ Chí Minh | O24: 0914725539 | Q24: Nguyễn Trường An | R24: Vợ | S24: 0949320714 | U24: Nhân viên thiết bị | V24: Nhân viên | W24: Vật tư - Thiết bị | X24: Cao Thanh Long | Y24: Không | AA24: luyenduongxd1210@gmail.com | AB24: 41426 | AC24: 41426 | AD24: 42639 | AE24: =DATEDIF(AC24,$BF$2,"y") -> 13 | AF24: =VLOOKUP(C24,'[1]T03.2024'!$B$8:$O$58,14,0) -> T10/2016 | AG24: 20/HĐLĐ/2016/TP | AH24: CT | AP24: 7916264390 | AQ24: 5682000 | BG24: 25
A25: =SUBTOTAL(3,$C$3:C25) -> 23 | B25: MS00006 | C25: Nguyễn Hoa Linh | D25: Nữ | E25: 32880 | F25: =MONTH(E25) -> 1 | G25: 080190014391 | H25: 04/02/2022 | I25: CTCCSQLHCVTTXH | J25: Ấp An Thuỷ, An Ninh Tây, Đức Hoà, Long An | K25: 177/1 Duyên Hải, Kp Hưng Thạnh | L25: Tt cần Thạnh | M25: Cần Giờ | N25: Hồ Chí Minh | O25: 0909135746 | R25: Người nhà | S25: 0909809004 | U25: Nhân viên vật tư | V25: Nhân viên | W25: Vật tư - Thiết bị | X25: Lê Thị Thúy | Y25: Đại học | AA25: Nguyenhoalinh90@gmail.com | AB25: 42068 | AC25: 42068 | AD25: 42461 | AE25: =DATEDIF(AC25,$BF$2,"y") -> 11 | AF25: =VLOOKUP(C25,'[1]T03.2024'!$B$8:$O$58,14,0) -> T04/2016 | AG25: 04/HĐLĐ/2016/TP | AH25: CT | AP25: 8214014160 | AQ25: 5682000 | BG25: 26
A26: =SUBTOTAL(3,$C$3:C26) -> 24 | B26: MS00043 | C26: Đoàn Thị Kim Tuyền | D26: Nữ | E26: 32086 | F26: =MONTH(E26) -> 11 | G26: 087187001621 | H26: 02/04/2021 | I26: CTCCSQLHCVTTXH | J26: Ấp 6, Xã Thường Lạc, Huyện hồng Ngự, Tỉnh Đồng Tháp | K26: H323/20D Tỉnh Lộ 15, Ấp Phú An | L26: Xã Phú Hòa Đông | M26: Huyện Củ Chi | N26: Thành Phố Hồ Chí Minh | O26: 0334273918 - 0815833152 | Q26: Đặng Thanh Bình | R26: Chồng | S26: 0396296809 | T26: Thủ kho | U26: Thủ kho | V26: Nhân viên | W26: Vật tư - Thiết bị | X26: Cao Thanh Long | Y26: 5/12 | AA26: doanthikimtuyen6563@gmail.com | AB26: 41640 | AC26: 41640 | AD26: 43922 | AE26: =DATEDIF(AC26,$BF$2,"y") -> 12 | AF26: T04/2020 | AG26: 01/HĐLĐ/2020/PĐ | AH26: CT | AP26: #N/A | AQ26: 5682000 | AT26: Phú Đức | BG26: 29
A27: =SUBTOTAL(3,$C$3:C27) -> 25 | B27: MS00044 | C27: Nguyễn Thanh Nam | D27: Nam | E27: 34993 | F27: =MONTH(E27) -> 10 | G27: 089095019349 | H27: 27/02/2022 | I27: CTCCSQLHCVTTXH | J27: Vĩnh Bường, Vĩnh Hòa, Tân Châu, An Giang | K27: Cục thuế tỉnh An Giang, Nguyễn Thái Học | L27: phường Mỹ Hòa | M27: Tp. Long Xuyên | N27: Tỉnh An Giang | O27: 0919195091 | R27: Người nhà | S27: 0947484993 | T27: Kỹ sư xây dựng | U27: Chỉ huy trưởng | V27: QL Bậc 4 | W27: Kỹ thuật - Thi công | X27: Nguyễn Minh Hiếu | Y27: Kỹ sư xây dựng | AA27: thanhnamnguyen1701@gmail.com | AB27: 42795 | AC27: 43772 | AD27: 45962 | AE27: =DATEDIF(AC27,$BF$2,"y") -> 6 | AF27: T11/2025 | AG27: 19/HĐLĐ/2025/TP | AH27: CT | AP27: 8925158542 | AQ27: 5682000 | AT27: Giảm BHXH từ tháng 01/2024 để nhận BH 1 lần | BG27: 30
A28: =SUBTOTAL(3,$C$3:C28) -> 26 | B28: MS00041 | C28: Huỳnh Long Hồ | D28: Nam | E28: 32874 | F28: =MONTH(E28) -> 1 | G28: 087090017813 | H28: 04/02/2022 | I28: CTCCSQLHCVTTXH | J28: Khóm Trung 2, TT. Thường Thới Tiền, Hồng Ngự, Đồng Tháp | K28: Ấp Bình Lợi | L28: Xã Bình Khánh | M28: Cần Giờ | N28: Hồ Chí Minh | O28: 0916414494 | Q28: Lê Thị Kiều Oanh | R28: Vợ | S28: 0942030339 | T28: Xây dựng | U28: Cán bộ kỹ thuật | V28: Nhân viên | W28: Kỹ thuật - Thi công | X28: Âu Văn Vũ | Y28: Trung cấp xây dựng | AA28: Huynhhodt66@gamil.com | AB28: 42795 | AC28: 42795 | AD28: 42795 | AE28: =DATEDIF(AC28,$BF$2,"y") -> 9 | AF28: =VLOOKUP(C28,'[1]T03.2024'!$B$8:$O$58,14,0) -> T03/2017 | AG28: 01/HĐLĐ/2017/TP | AH28: CT | AP28: 7916455166 | AQ28: 5682000 | BG28: 31
A29: =SUBTOTAL(3,$C$3:C29) -> 27 | B29: MS00038 | C29: Hoàng Tăng Bảo Chánh | D29: Nam | E29: 26076 | F29: =MONTH(E29) -> 5 | G29: 074071009564 | H29: 23/09/2022 | I29: CTCCSQLHCVTTXH | J29: Tổ 3 Ấp 1, Hưng Hòa, Bàu Bàng, Bình Dương | K29: 189 Ấp 1 | L29: Xã Hưng Hòa | M29: Bầu Bàng | N29: Bình Dương | O29: 0918479120 | R29: Người nhà | S29: 0388650778 | T29: Xây dựng | U29: Cán bộ kỹ thuật | V29: Nhân viên | W29: Kỹ thuật - Thi công | X29: Nguyễn Hiếu Thiện | Y29: 12/12 | AA29: hoangtangbaochanh123@gmail.com | AB29: 43452 | AC29: 43452 | AD29: 43452 | AE29: =DATEDIF(AC29,$BF$2,"y") -> 7 | AF29: =VLOOKUP(C29,'[1]T03.2024'!$B$8:$O$58,14,0) -> T01/2019 | AG29: 04/HĐLĐ/2018/TP | AH29: CT | AP29: 0205157361 | AQ29: 5682000 | BG29: 33
A30: =SUBTOTAL(3,$C$3:C30) -> 28 | B30: MS00054 | C30: Âu Văn Vũ | D30: Nam | E30: 32523 | F30: =MONTH(E30) -> 1 | G30: 087089007221 | H30: 19/01/2022 | I30: CTCCSQLHCVTTXH | J30: B5/15, Ấp An Lợi B, Định yên, Lấp vò, Đồng Tháp | K30: B5/15, Ấp An Lợi B, Định yên, Lấp vò, Đồng Tháp | L30: Định Yên | M30: Lấp Vò | N30: Đồng Tháp | O30: 0938678929 | R30: Vợ | S30: 0919562199 | T30: Kỹ sư xây dựng | U30: Chỉ huy trưởng | V30: QL Bậc 4 | W30: Kỹ thuật - Thi công | X30: Nguyễn Minh Hiếu | Y30: Kỹ sư xây dựng | AA30: auvanvu1501@gmail.com | AB30: 43570 | AC30: 43575 | AD30: 43556 | AE30: =DATEDIF(AC30,$BF$2,"y") -> 7 | AF30: =VLOOKUP(C30,'[1]T03.2024'!$B$8:$O$58,14,0) -> T04/2019 | AG30: 11/HĐLĐ/2019/TP | AH30: CT | AP30: 7914162911 | AQ30: 5682000 | BG30: 34
A31: =SUBTOTAL(3,$C$3:C31) -> 29 | B31: MS00049 | C31: Nguyễn Văn Trân | D31: Nam | E31: 18553 | F31: =MONTH(E31) -> 10 | G31: 080050000916 | H31: 20/04/2021 | I31: CTCCSQLHCVTTXH | J31: Ấp Trần Hưng Đạo, Xã Tam Thôn Hiệp, Huyện Cần Giờ, Tp. HCM | K31: Ấp bình lợi | L31: Xã bình khánh | M31: Cần Giờ | N31: Hồ Chí Minh | O31: 0363213558 | Q31: Tô Thị Dẹp | R31: Vợ | S31: 0349738816 | T31: Thủ kho | U31: Thủ kho | V31: Nhân viên | W31: Vật tư - Thiết bị | X31: Dương Thái Luyến | Y31: 12/12 | AA31: không | AB31: 43750 | AC31: 43811 | AD31: 0 | AE31: =DATEDIF(AC31,$BF$2,"y") -> 6 | AH31: CT | AP31: 0 | AT31: Không đóng BHXH | BG31: 35
A32: =SUBTOTAL(3,$C$3:C32) -> 30 | B32: MS00015 | C32: Huỳnh Minh Nghị | D32: Nam | E32: 32303 | F32: =MONTH(E32) -> 6 | G32: 089088007677 | H32: 13/08/2021 | I32: CTCCSQLHCVTTXH | J32: Ấp vĩnh Bình,vĩnh Thạnh Trung,Châu Phú,An Giang | K32: 1/219 kp Hòa Lân 2 | L32: Thuận Giao | M32: Thuận An | N32: Bình Dương | O32: 0937330927 | Q32: Đặng Thị Hồng Lê | R32: Vợ | S32: 0937358737 | T32: Điện | U32: Cán bộ kỹ thuật M&E | V32: Nhân viên | W32: Kỹ thuật - Thi công | X32: Nguyễn Ngọc Phi Hổ | Y32: K có | AA32: minhnghichaudoc@gmail.com | AB32: 44487 | AC32: 44487 | AD32: 44487 | AE32: =DATEDIF(AC32,$BF$2,"y") -> 4 | AF32: =VLOOKUP(C32,'[1]T03.2024'!$B$8:$O$58,14,0) -> T11/2021 | AG32: 03/HĐLĐ/2021/TP | AH32: CT | AP32: 8923267816 | AQ32: 5682000 | BG32: 36
A33: =SUBTOTAL(3,$C$3:C33) -> 31 | B33: MS00065 | C33: Phạm Văn Phụng | D33: Nam | E33: 27395 | F33: =MONTH(E33) -> 1 | G33: 087075007392 | H33: 09/08/2021 | I33: CTCCSQLHCVTTXH | J33: Xã Thường Lạc, Hồng Ngự, Đồng Tháp | K33: 293B | L33: Mỹ Hòa | M33: Tp. Long Xuyên | N33: Tỉnh An Giang | O33: 0339333710 | T33: Bảo vệ | U33: Bảo vệ | V33: Nhân viên | W33: Hành chính - Nhân sự | X33: Nguyễn Thanh Nam | Y33: không có | AA33: không | AB33: 44341 | AC33: 44402 | AD33: 0 | AE33: =DATEDIF(AC33,$BF$2,"y") -> 5 | AH33: CT | AP33: 0 | AT33: Không đóng BHXH | BG33: 37
A34: =SUBTOTAL(3,$C$3:C34) -> 32 | B34: MS00066 | C34: Lê Quốc Dũng | D34: Nam | E34: 28628 | F34: =MONTH(E34) -> 5 | G34: 079078017071 | H34: 19/04/2021 | I34: CTCCSQLHCVTTXH | J34: 18/10 Trần Văn Thành, Phường 8, Quận 8 | K34: 551/333 Lê Văn Khương | L34: Phường thế an | M34: Quận12 | N34: TP HCM | O34: 0934343293 | Q34: Lê Ngọc Sơn | R34: Em | S34: 0978611151 | T34: Thủ kho | U34: Thủ kho | V34: Nhân viên | W34: Vật tư - Thiết bị | X34: Võ Thành Vương | Y34: 12/12 | AA34: lequocdungq@gmail.com | AB34: 44487 | AC34: 44518 | AD34: 03/01/2022 | AE34: =DATEDIF(AC34,$BF$2,"y") -> 4 | AF34: =VLOOKUP(C34,'[1]T03.2024'!$B$8:$O$58,14,0) -> T01/2022 | AG34: 01/HĐLĐ/2022/TP | AH34: CT | AP34: 0204344328 | AQ34: 5682000 | BG34: 38
A35: =SUBTOTAL(3,$C$3:C35) -> 33 | B35: MS00068 | C35: Nguyễn Duy Hải | D35: Nam | E35: 33626 | F35: =MONTH(E35) -> 1 | G35: 082092015182 | H35: 44326 | I35: CTCCSQLHCVTTXH | J35: C9bis, KP 1, Đông Hưng Thuận, Quận 12, Hồ Chí Minh | K35: 91/43 Nguyên Hồng | L35: Phường 1 | M35: Gò Vấp | N35: Hồ Chí Minh | O35: 0984071062 | Q35: Vi | R35: Vợ | S35: 097 2801506 | T35: Kỹ sư xây dựng | U35: Nhân viên Kế hoạch - Đấu thầu | V35: Nhân viên | W35: Kế hoạch - Đấu thầu | X35: Phạm Ngọc Hưng | Y35: Kỹ sư | AA35: duyhai23011992@gmail.com | AB35: 44494 | AC35: 44555 | AD35: 03/01/2022 | AE35: =DATEDIF(AC35,$BF$2,"y") -> 4 | AF35: =VLOOKUP(C35,'[1]T03.2024'!$B$8:$O$58,14,0) -> T01/2022 | AG35: 02/HĐLĐ/2022/TP | AH35: CT | AP35: 7916077355 | AQ35: 5682000 | BG35: 39
A36: =SUBTOTAL(3,$C$3:C36) -> 34 | B36: MS00070 | C36: Nguyễn Một Tê | D36: Nam | E36: 21551 | F36: =MONTH(E36) -> 1 | G36: 086059004399 | H36: 09/08/2021 | I36: CTCCSQLHCVTTXH | J36: Ấp Tường Trí, Nhơn Bình, Trà Ôn, Vĩnh Long | O36: 0364177295 | T36: Thủ kho | U36: Thủ kho | V36: Nhân viên | W36: Vật tư - Thiết bị | X36: Phạm Hoàng Em | Y36: không có | AA36: không | AB36: 44525 | AC36: 44555 | AD36: 0 | AE36: =DATEDIF(AC36,$BF$2,"y") -> 4 | AH36: CT | AP36: 0 | AT36: Không đóng BHXH | BG36: 40
A37: =SUBTOTAL(3,$C$3:C37) -> 35 | B37: MS00080 | C37: Lê Văn Thịnh | D37: Nam | E37: 33544 | F37: =MONTH(E37) -> 11 | G37: 051091002104 | H37: 22/04/2021 | I37: CTCCSQLHCVTTXH | J37: TDP1, Nguyễn Nghiêm, tx Đức Phổ, Quảng Ngãi | K37: Ấp Mỹ Huề | L37: Trung chánh | M37: Hóc Môn | N37: HCM | O37: 0909576598 | Q37: Lê Văn Vương | R37: Anh | S37: 0903155249 | T37: Kỹ sư xây dựng công trình giao thông | U37: Cán bộ kỹ thuật | V37: Nhân viên | W37: Kỹ thuật - Thi công | X37: Nguyễn Thành Trung | Y37: Kỹ sư | AA37: Vanthinh33d6@gmail.com | AB37: 44704 | AC37: 23/07/2022 | AD37: 44805 | AE37: =DATEDIF(AC37,$BF$2,"y") -> 4 | AF37: =VLOOKUP(C37,'[1]T03.2024'!$B$8:$O$58,14,0) -> T09/2022 | AG37: 09/HĐLĐ/2022/TP | AH37: CT | AP37: 7916367294 | AQ37: 5682000 | BG37: 42
A38: =SUBTOTAL(3,$C$3:C38) -> 36 | B38: MS00081 | C38: Nguyễn Ngọc Quý | D38: Nam | E38: 34103 | F38: =MONTH(E38) -> 5 | G38: 074093000539 | H38: 07/04/2021 | I38: CTCCSQLHCVTTXH | J38: Ấp Xóm Lẫm, xã Thanh Tuyền, huyện Dầu Tiếng, tỉnh Bình Dương | K38: Ấp Xóm Lẫm | L38: Xã Thanh Tuyền | M38: Huyện Dầu Tiếng | N38: Tỉnh Bình Dương | O38: 0877603149 | Q38: Nguyễn Thị Ánh Ngọc | R38: Chị gái | S38: 0373528928 | T38: Kỹ thuật trắc địa | U38: Cán bộ kỹ thuật | V38: Nhân viên | W38: Kỹ thuật - Thi công | X38: Nguyễn Thành Trung | Y38: Kỹ sư | AA38: nguyenngocquy.ngngq@gmail.com | AB38: 44705 | AC38: 24/07/2022 | AD38: 44766 | AE38: =DATEDIF(AC38,$BF$2,"y") -> 4 | AF38: =VLOOKUP(C38,'[1]T03.2024'!$B$8:$O$58,14,0) -> T08/2022 | AG38: 10/HĐLĐ/2022/TP | AH38: CT | AP38: 7424616908 | AQ38: 5682000 | BG38: 43
A39: =SUBTOTAL(3,$C$3:C39) -> 37 | B39: MS00036 | C39: Lưu Văn Lưỡng | D39: Nam | E39: 21186 | F39: =MONTH(E39) -> 1 | G39: 086058000949 | H39: 44312 | I39: CTCCSQLHCVTTXH | J39: Ấp Hồi Trinh, Xuân Hiệp, Trà Ôn, Vĩnh Long | K39: 220/91 Lê Văn Sỹ | L39: 14 | M39: 3 | N39: Hồ Chí Minh | O39: 0989668434 | R39: Vợ | S39: 0342397660 | T39: Thủ kho | U39: Thủ kho | V39: Nhân viên | W39: Vật tư - Thiết bị | X39: Dương Thái Luyến | Y39: không có | AB39: 44767 | AC39: 44767 | AD39: 44805 | AE39: =DATEDIF(AC39,$BF$2,"y") -> 4 | AF39: =VLOOKUP(C39,'[1]T03.2024'!$B$8:$O$58,14,0) -> T09/2022 | AG39: 11/HĐLĐ/2022/TP | AH39: CT | AP39: 8622069412 | AQ39: 5682000 | BG39: 46
A40: =SUBTOTAL(3,$C$3:C40) -> 38 | B40: MS00098 | C40: Nguyễn Tuấn Anh | D40: Nam | E40: 26172 | F40: =MONTH(E40) -> 8 | G40: 079071009710 | H40: 44345 | I40: CTCCSQLHCVTTXH | J40: Tân Long, Châu Pha, Thị xã Phú Mỹ, Bà Rịa Vũng Tàu | O40: 0786661971 | Q40: Tran Thi My Hanh | R40: Vợ | S40: 0931116752 | T40: Xây dựng | U40: Cán bộ kỹ thuật | V40: Nhân viên | W40: Kỹ thuật - Thi công | X40: Âu Văn Vũ | Y40: 12/12 | AA40: nguyentuananh471@gmail.com | AB40: 45049 | AC40: 45110 | AD40: 45110 | AE40: =DATEDIF(AC40,$BF$2,"y") -> 3 | AF40: =VLOOKUP(C40,'[1]T03.2024'!$B$8:$O$58,14,0) -> T07/2023 | AG40: 08/HĐLĐ/2023/TP | AH40: CT | AP40: 7931911271 | AQ40: 5682000 | BG40: 50
A41: =SUBTOTAL(3,$C$3:C41) -> 39 | B41: MS00099 | C41: Nguyễn Văn Phòng | D41: Nam | E41: 34579 | F41: =MONTH(E41) -> 9 | G41: 091094013770 | H41: 44421 | I41: CTCCSQLHCVTTXH | J41: 94/3/3 Chu Văn An, khu phố 3, Phường Rạch Giá, Tỉnh An Giang | K41: 49 Lê Thị Tính | L41: Bình Thủy | M41: Ninh Kiều | N41: Cần Thơ | O41: 0919809552 | Q41: Nguyễn Văn Phòng | R41: Vợ | S41: 0913183816 | T41: Kỹ sư xây dựng | U41: Cán bộ kỹ thuật | V41: Nhân viên | W41: Kỹ thuật - Thi công | X41: Âu Văn Vũ | Y41: Kỹ sư xây dựng | AA41: phongnguyen291994@gmail.com | AB41: 45063 | AC41: 45124 | AD41: 45124 | AE41: =DATEDIF(AC41,$BF$2,"y") -> 3 | AF41: =VLOOKUP(C41,'[1]T03.2024'!$B$8:$O$58,14,0) -> T08/2023 | AG41: 09/HĐLĐ/2023/TP | AH41: CT | AP41: 9121673734 | AQ41: 5682000 | BG41: 51
A42: =SUBTOTAL(3,$C$3:C42) -> 40 | B42: MS00100 | C42: Thiềm Thanh Bình | D42: Nam | E42: 29085 | F42: =MONTH(E42) -> 8 | G42: 086079014167 | H42: 45066 | I42: CTCCSQLHCVTTXH | J42: Ấp 9, xã Cái Ngang, tỉnh Vĩnh Long | K42: Ktx | L42: Ktx | M42: Ktx | N42: Ktx | O42: 0907479742 | T42: Công nghệ thông tin | U42: Thủ kho | V42: Nhân viên | W42: Hành chính - Nhân sự | X42: Trần Thị Thi | Y42: Cao đẳng | AA42: thanhbinhtp2023@gmail.com | AB42: 45068 | AC42: 45129 | AD42: 45870 | AE42: =DATEDIF(AC42,$BF$2,"y") -> 3 | AF42: T08/2025 | AG42: ĐỨC ANH | AH42: CT | AP42: 6505002516 | AQ42: 5682000 | BG42: 1
A43: =SUBTOTAL(3,$C$3:C43) -> 41 | B43: MS00017 | C43: Phạm Ngọc Hưng | D43: Nam | E43: 32375 | F43: =MONTH(E43) -> 8 | G43: 052088013071 | H43: 44784 | I43: CTCCSQLHCVTTXH | J43: Thôn Tân Xuân, Cát Hanh, Phù Cát, Bình Định | K43: 29/11A đường 48 | L43: Phường Hiệp Bình Chánh | M43: Tp. Thủ Đức | N43: Hồ Chí Minh | O43: 0917254488 | Q43: Nguyễn Thị Thu Trinh | R43: Vợ | S43: 0938466126 | T43: Kỹ sư xây dựng | U43: Phó phòng Kế hoạch - Đấu thầu | V43: QL Bậc 4 | W43: Kế hoạch - Đấu thầu | X43: Nguyễn Hiếu Thiện | Y43: Kỹ sư xây xựng | AA43: hungngocks2000@gmail.com | AB43: 45100 | AC43: 45100 | AD43: 45100 | AE43: =DATEDIF(AC43,$BF$2,"y") -> 3 | AF43: =VLOOKUP(C43,'[1]T03.2024'!$B$8:$O$58,14,0) -> T07/2023 | AG43: 05/HĐLĐ/2023/TP | AH43: CT | AP43: 7910384760 | AQ43: 5682000 | BG43: 55
A44: =SUBTOTAL(3,$C$3:C44) -> 42 | B44: MS00105 | C44: Lê Thế Quyền | D44: Nam | E44: 34293 | F44: =MONTH(E44) -> 11 | G44: 052093009108 | H44: 44827 | I44: CTCCSQLHCVTTXH | J44: mỹ chánh tây, huyện phù mỹ , tỉnh bình định | K44: 4678/25 Đ. Tân sơn | L44: Phường 12 | M44: Quận gò vấp | N44: thành phố hồ chí minh | O44: 0931895463 | Q44: Châu thị sương | R44: Vợ | S44: 0934193863 | T44: Xây dựng | U44: Cán bộ kỹ thuật | V44: Nhân viên | W44: Kỹ thuật - Thi công | X44: Nguyễn Minh Hiếu | Y44: Cao đẳng | AA44: quyenlemct@gmail.com | AB44: 45104 | AC44: 45165 | AD44: 45165 | AE44: =DATEDIF(AC44,$BF$2,"y") -> 2 | AF44: =VLOOKUP(C44,'[1]T03.2024'!$B$8:$O$58,14,0) -> T09/2023 | AG44: 14/HĐLĐ/2023/TP | AH44: CT | AP44: 5220719707 | AQ44: 5682000 | BG44: 57
A45: =SUBTOTAL(3,$C$3:C45) -> 43 | B45: MS00108 | C45: Nguyễn Minh Hiếu | D45: Nam | E45: 30369 | F45: =MONTH(E45) -> 2 | G45: 052083014919 | H45: 44820 | I45: CTCCSQLHCVTTXH | J45: RS7-05,02, C/c 239-241 HBình, Hiệp Tân, Tân Phú, Hồ Chí Minh | O45: 0974001001, 0931245639 | T45: Kỹ sư xây dựng | U45: Phó Giám đốc thi công | V45: QL Bậc 3 | W45: Kỹ thuật - Thi công | X45: Nguyễn Hiếu Thiện | Y45: Kỹ sư | AA45: Hieunmdtcs@gmail.com | AB45: 45152 | AC45: 45213 | AD45: 45352 | AE45: =DATEDIF(AC45,$BF$2,"y") -> 2 | AF45: =VLOOKUP(C45,'[1]T03.2024'!$B$8:$O$58,14,0) -> T03/2024 | AG45: 02/2024/HĐLĐ/TP | AH45: CT | AP45: 7910271105 | AQ45: 5682000 | BG45: 58
A46: =SUBTOTAL(3,$C$3:C46) -> 44 | B46: MS00109 | C46: Nguyễn Văn Nuôi | D46: Nam | E46: 24838 | F46: =MONTH(E46) -> 1 | G46: 086068013459 | H46: 44417 | I46: CTCCSQLHCVTTXH | J46: Ấp Hiệp Thạnh, Hòa Bình, Trà Ôn, Vĩnh Long | O46: 0938419518 | T46: Bảo vệ | U46: Bảo vệ | V46: Nhân viên | W46: Hành chính - Nhân sự | X46: Dương Quan Mạnh Linh | Y46: không có | AB46: 45153 | AC46: 45214 | AD46: 45383 | AE46: =DATEDIF(AC46,$BF$2,"y") -> 2 | AF46: T04/2024 | AG46: 03/2024/HĐLĐ/TP | AH46: CT | AP46: 8622483128 | AQ46: 5682000 | BG46: 61
A47: =SUBTOTAL(3,$C$3:C47) -> 45 | B47: MS00115 | C47: Phan Hoàng Hận | D47: Nam | E47: 31027 | F47: =MONTH(E47) -> 12 | G47: 086084011708 | H47: 44421 | I47: CTCCSQLHCVTTXH | J47: Ấp Phú Điền, Song Phú, Tam Bình, Vĩnh Long | O47: 0398070457 | T47: Kỹ sư điện | U47: Cán bộ kỹ thuật M&E | V47: Nhân viên | W47: Kỹ thuật - Thi công | X47: Nguyễn Ngọc Phi Hổ | Y47: Kỹ sư | AB47: 45200 | AC47: 45231 | AD47: 45231 | AE47: =DATEDIF(AC47,$BF$2,"y") -> 2 | AF47: =VLOOKUP(C47,'[1]T03.2024'!$B$8:$O$58,14,0) -> T11/2023 | AG47: 21/HĐLĐ/2023/TP | AH47: CT | AP47: 8621811812 | AQ47: 5682000 | BG47: 63
A48: =SUBTOTAL(3,$C$3:C48) -> 46 | B48: MS00126 | C48: Nguyễn Thị Thương | D48: Nữ | E48: 31999 | F48: =MONTH(E48) -> 8 | G48: 051187004115 | H48: 44937 | I48: CTCCSQLHCVTTXH | J48: Xã Phú Thuận-Huyện Phú Vang-TT.Huế | K48: 108/7 đường số 1, phường 16, quận Gò Vấp, Tp.HCM | O48: 0937191886 | Q48: Huỳnh Văn Lũy | R48: Chồng | S48: 0389636252 | T48: Kế toán | U48: Kế toán | V48: Nhân viên | W48: Tài chính - Kế toán | X48: Lê Nĩ Dung | Y48: Trung cấp | Z48: Kế toán doanh nghiệp | AB48: 45474 | AC48: 45536 | AD48: 45536 | AE48: =DATEDIF(AC48,$BF$2,"y") -> 1 | AF48: T09/2024 | AH48: CT | AP48: 7909265129 | AQ48: 5682000 | AS48: 1091087-Ngân hàng ACB-CN Gò Vấp TP.HCM | BG48: 68
A49: =SUBTOTAL(3,$C$3:C49) -> 47 | B49: MS00128 | C49: Tiền Vĩ Đại | D49: Nam | E49: 36827 | F49: =MONTH(E49) -> 10 | G49: 079200020116 | H49: 44550 | I49: CTCCSQLHCVTTXH | J49: 513/9F Gia Phú, Phường 03, Quận 06. TP.Hồ Chí Minh | K49: 54U Cư Xá Phú Lâm D, Phường 10, Quận 06, TP.Hồ Chí Minh | O49: 0918838631 | Q49: Nguyễn Thị Viện | R49: Mẹ | S49: 0941841121 | U49: Cán bộ kỹ thuật | V49: Nhân viên | W49: Kỹ thuật - Thi công | X49: Nguyễn Minh Hiếu | Y49: Kỹ sư | Z49: Kỹ Sư Xây Dựng | AA49: tienvidai883@gmail.com | AB49: 45488 | AC49: 45550 | AD49: 45550 | AE49: =DATEDIF(AC49,$BF$2,"y") -> 1 | AF49: T09/2024 | AH49: CT | AP49: 7933339730 | AQ49: 5682000 | AS49: 0 | BG49: 69
A50: =SUBTOTAL(3,$C$3:C50) -> 48 | B50: MS00129 | C50: Phạm Văn Hiếu | D50: Nam | E50: 35855 | F50: =MONTH(E50) -> 3 | G50: 038098023113 | H50: 44618 | I50: CTCCSQLHCVTTXH | J50: Xuân Tín, Thọ Xuân, Thanh Hóa | K50: 50/3, đường 138, Phường Tân Phú, Thủ Đức | O50: 0964228987 | Q50: Lê Thị Lý | R50: Mẹ | S50: 0336763121 | U50: Cán bộ QA/QC cầu đường | V50: Nhân viên | W50: Kỹ thuật - Thi công | X50: Nguyễn Thành Trung | Y50: Kỹ sư | Z50: Chuyên ngành đường bộ | AA50: phamvanhieu131998@gmail.com | AB50: 45505 | AC50: 45566 | AD50: 45566 | AE50: =DATEDIF(AC50,$BF$2,"y") -> 1 | AF50: T10/2024 | AH50: CT | AP50: 3821553936 | AQ50: 5682000 | AS50: 108003511815 - Phạm Văn Hiếu - Vietin bank | BG50: 70
A51: =SUBTOTAL(3,$C$3:C51) -> 49 | B51: MS00133 | C51: Nguyễn Trường Long | D51: Nam | E51: 33559 | F51: =MONTH(E51) -> 11 | G51: 079091038831 | H51: 44564 | I51: CTCCSQLHCVTTXH | J51: 60/31 Lê Văn Duyệt, phường 1, Bình Thạnh, TP. HCM | K51: 280/70/54B Bùi Hữu Nghĩa, phường 2, Bình Thạnh, TP.HCM | O51: 0783464677 | Q51: Trần Thị Thu Hương | R51: Mẹ | S51: 0765800699 | U51: Tài xế văn phòng | V51: Nhân viên | W51: Hành chính - Nhân sự | X51: Trần Thị Thi | Y51: Bằng lái xe ô tô (dành cho vị trí tài xế) | Z51: Hạng B2 | AA51: Nguyentruonglong171191@gmail.com | AB51: 45547 | AC51: 45608 | AD51: 45608 | AE51: =DATEDIF(AC51,$BF$2,"y") -> 1 | AF51: T11/2024 | AH51: CT | AP51: 7937967290 | AQ51: 5682000 | AS51: 1800171166 BIDV chi nhánh Kỳ Hoà | BG51: 72
A52: =SUBTOTAL(3,$C$3:C52) -> 50 | B52: MS00136 | C52: Lê Mĩ Dung | D52: Nam | E52: 33271 | F52: =MONTH(E52) -> 2 | G52: 052091009662 | H52: 44955 | I52: CTCCSQLHCVTTXH | J52: Phước Hòa, Tuy Phước, Bình Định | K52: 32 Đường 19 phường Linh Chiểu, TP Thủ Đức | O52: 0349681409 | Q52: Lê Xuân Nhu | R52: Anh Ruột | S52: 0396592331 | T52: Kế toán | U52: Kế toán tổng hợp | V52: Nhân viên | W52: Tài chính - Kế toán | X52: Phạm Hoàng Em | Y52: Cao đẳng | Z52: Tài chính - ngân hàng | AA52: ledung.a9@gmail.com | AB52: 45562 | AC52: 45627 | AD52: 45628 | AE52: =DATEDIF(AC52,$BF$2,"y") -> 1 | AF52: T12/2024 | AH52: CT | AP52: 7914244334 | AQ52: 5682000 | AS52: 1800690847 | BG52: 74
A53: =SUBTOTAL(3,$C$3:C53) -> 51 | B53: MS00138 | C53: Cao Thanh Long | D53: Nam | E53: 27530 | F53: =MONTH(E53) -> 5 | G53: 040075000684 | H53: 44550 | I53: CTCCSQLHCVTTXH | J53: 176/4/9, TX 25, KP2, Thạnh Xuân, Quận 12, Hồ Chí Minh | K53: 462/20 Đường Lê Văn Khương P Thới An Quận 12 TPHCM | O53: 0948262325 | Q53: Vũ Thị Diện | R53: Vợ | S53: 0976062299 | U53: Trưởng bộ phận thiết bị | V53: QL Bậc 4 | W53: Vật tư - Thiết bị | X53: Phạm Hoàng Em | Y53: Cao đẳng | Z53: Cơ Khí Chế Tạo Máy | AA53: cngiaphatxd@gmail.com | AB53: 45566 | AC53: 45627 | AD53: 45627 | AE53: =DATEDIF(AC53,$BF$2,"y") -> 1 | AF53: T12/2024 | AH53: CT | AP53: 7911298766 | AQ53: 5682000 | AS53: 1770148476 NH BIDV CN Nguyễn Thái Sơn | BG53: 75
A54: =SUBTOTAL(3,$C$3:C54) -> 52 | B54: MS00139 | C54: Phạm Hồng Nhiên | D54: Nam | E54: 30002 | F54: =MONTH(E54) -> 2 | G54: 054082000089 | H54: 45036 | I54: CTCCSQLHCVTTXH | J54: 47/30/10 Trường Lưu, Long Trường, TP. Thủ Đức, TP. HCM | K54: 47/30/10 Trường Lưu, Long Trường, TP. Thủ Đức.HCM | O54: 0916072107 | Q54: Lê Thúy Kim | R54: Vợ | S54: 0909236170 | U54: Cán bộ kỹ thuật | V54: Nhân viên | W54: Kỹ thuật - Thi công | X54: Nguyễn Minh Hiếu | Y54: Kỹ sư | Z54: Kỹ Thuật Công Trình | AA54: nhienpham82@gmail.com | AB54: 45580 | AC54: 45580 | AD54: 45597 | AE54: =DATEDIF(AC54,$BF$2,"y") -> 1 | AF54: T11/2024 | AH54: CT | AP54: 7912096653 | AQ54: 5682000 | AS54: Số TK: 29495117, Ngân hàng ACB, Chi nhánh TP. HCM | BG54: 76
A55: =SUBTOTAL(3,$C$3:C55) -> 53 | B55: MS00141 | C55: Nguyễn Minh Thọ | D55: Nam | E55: 32758 | F55: =MONTH(E55) -> 9 | G55: 079089016099 | H55: 44425 | I55: CTCCSQLHCVTTXH | J55: 203 Lô F cư xá Thanh Đa, phường 27 , Quận Bình Thạnh, Tp.HCM | K55: 60E Đường 42, KP 8 , p.Hiệp Bình Chánh, Tp Thủ Đức. | O55: 0934103489 | Q55: Nguyễn Thị Xuân Hương | R55: Mẹ | S55: 0902635621 | T55: Kỹ sư công nghệ kỹ thuật cơ khí | U55: Cán bộ An toàn lao động | V55: Nhân viên | W55: Kỹ thuật - Thi công | X55: Nguyễn Minh Hiếu | Y55: Kỹ sư | Z55: Bằng kỹ sư Công Nghệ Kỹ Thuật Cơ Khí | AA55: minhtho7989@gmail.com | AB55: 45607 | AC55: 45668 | AD55: 45691 | AE55: =DATEDIF(AC55,$BF$2,"y") -> 1 | AF55: T02/2025 | AH55: CT | AP55: 7910102242 | AQ55: 5682000 | AS55: MB079089016099 + MBbank | BG55: 2
A56: =SUBTOTAL(3,$C$3:C56) -> 54 | B56: MS00142 | C56: Trần Văn Khắc | D56: Nam | E56: 34839 | F56: =MONTH(E56) -> 5 | G56: 052095004218 | H56: 44705 | I56: CTCCSQLHCVTTXH | J56: Xóm Tân Mỹ, Thôn Trà Lương, Xã Phù Mỹ Tây, tỉnh Gia Lai | K56: 608/22 An Dương Vương, P11, Q6, TP. HCM | O56: 0965387033 | Q56: Trần Thị Ý | R56: Chị Ruột | S56: 0368679398 | T56: Kỹ sư ngành kỹ thuật xây dựng công trình giao thông | U56: Cán bộ QA/QC cầu đường | V56: Nhân viên | W56: Kỹ thuật - Thi công | X56: Nguyễn Thành Trung | Y56: Kỹ sư | Z56: Kỹ thuật xây dựng công trình giao thông (Xây dựng cầu đường) | AA56: tranvankhac1995@gmail.com | AB56: 45614 | AC56: 45675 | AD56: 45675 | AE56: =DATEDIF(AC56,$BF$2,"y") -> 1 | AF56: T02/2025 | AH56: CT | AP56: 5220702631 | AQ56: 5682000 | AS56: 100006982127 + Ngân hàng TMCP Công thương Việt Nam + Chi nhánh Phú Tài | BG56: 3
A57: =SUBTOTAL(3,$C$3:C57) -> 55 | B57: MS00140 | C57: Lê Thị Thúy | D57: Nữ | E57: 31408 | F57: =MONTH(E57) -> 12 | G57: 035185001644 | H57: 44859 | I57: CTCCS QLHC VTTXH | J57: 56/25 Đường 4, Khu phố 2, Phường Hiệp Bình Chánh, TP Thủ Đức, TP. HCM | O57: 0914353320 | Q57: Lê Tiến Oanh | R57: Ba | S57: 0779799591 | T57: Cử nhân Tiếng anh thương mại | U57: Trưởng bộ phận vật tư | V57: QL Bậc 4 | W57: Vật tư - Thiết bị | X57: Phạm Hoàng Em | Y57: Cử nhân | Z57: Cử nhân Tiếng anh thương mại | AA57: janele1985@gmail.com | AB57: 01/06/2024 | AC57: 45444 | AD57: 45444 | AE57: =DATEDIF(AC57,$BF$2,"y") -> 2 | AF57: T06/2024 | AH57: CT | AP57: 7910080036 | AQ57: 5682000 | AS57: 2730447 ngân hàng ACB | BG57: 1
A58: =SUBTOTAL(3,$C$3:C58) -> 56 | B58: MS00144 | C58: Trần Vũ Luân | D58: Nam | E58: 32952 | F58: =MONTH(E58) -> 3 | G58: 049090025155 | H58: 44729 | I58: CTCCSQLHCVTTXH | J58: Đại Bình, Quế Trung, Nông Sơn, Quảng Nam | K58: 116 đường số 10, Khu Dân Cư ấp 5 phong phú bình chánh | O58: 0329911874 | Q58: Nguyễn Thị Mỹ Lài | R58: Vợ | S58: 0703904066 | U58: Cán bộ kỹ thuật nhôm kính | V58: Nhân viên | W58: Kỹ thuật - Thi công | X58: Nguyễn Văn Trường | Y58: Kỹ sư | Z58: kỹ thuật xây dựng công trình giao thông | AA58: luantv203@gmail.com | AB58: 45751 | AC58: 45812 | AD58: 45812 | AE58: =DATEDIF(AC58,$BF$2,"y") -> 1 | AF58: T06/2025 | AH58: CT | AP58: 0 | AQ58: 5682000 | AS58: 238868649 ngân hàng ACB chi nhánh pgd bình đăng | BG58: 7
A59: =SUBTOTAL(3,$C$3:C59) -> 57 | B59: MS00146 | C59: Hoàng Hải Sang | D59: Nam | E59: 33205 | F59: =MONTH(E59) -> 11 | G59: 051090002878 | H59: 44315 | I59: CTCCSQLHCVTTXH | J59: Phước Lợi, Phổ Nhơn, Thị Xã Đức Phổ, Quảng Ngãi | K59: 194/7 Tân Thới Nhất 8, P. Tân Thới Nhất, Q.12, Tp. HCM | O59: 0973821454 | Q59: Bùi Thị Nữ | R59: Vợ | S59: 0373063997 | U59: Chuyên viên | V59: Nhân viên | W59: Kế hoạch - Đấu thầu | X59: Phạm Ngọc Hưng | Y59: Kỹ sư | Z59: Kỹ thuật xây dựng | AA59: sangqn09@gmail.com | AB59: 45763 | AC59: 45763 | AD59: 45763 | AE59: =DATEDIF(AC59,$BF$2,"y") -> 1 | AF59: T05/2025 | AH59: CT | AP59: 7913036164 | AQ59: 5682000 | AS59: 1800086808/HOANG HAI SANG/NGÂN HÀNG BIDV | BG59: 5
A60: =SUBTOTAL(3,$C$3:C60) -> 58 | B60: MS00149 | C60: Trần Lê Minh | D60: Nam | E60: 36122 | F60: =MONTH(E60) -> 11 | G60: 052098001390 | H60: 44736 | I60: CTCCSQLHCVTTXH | J60: 58/66 Nguyễn Văn Tạo ấp 15, xã Hiệp Phước, thành phố Hồ Chí Minh | K60: 58/66 Nguyễn Văn Tạo ấp 15, xã Hiệp Phước, thành phố Hồ Chí Minh | O60: 0978231198 | Q60: Trần Lê Anh | R60: Chị Ruột | S60: 0865104899 | U60: Giám sát kĩ thuật | V60: Nhân viên | W60: Kỹ thuật - Thi công | X60: Nguyễn Minh Hiếu | Y60: Kỹ sư | Z60: Công nghệ kĩ thuật xây dựng | AA60: mt1001.1998@gmail.com | AB60: 45782 | AC60: 45843 | AD60: 45870 | AE60: =DATEDIF(AC60,$BF$2,"y") -> 1 | AF60: T08/2025 | AH60: CT | AP60: 5220596076 | AQ60: 5682000 | AS60: 0978231198 + sacombank | BG60: 10
A61: =SUBTOTAL(3,$C$3:C61) -> 59 | B61: MS00151 | C61: Nguyễn Văn Đại | D61: Nam | E61: 35414 | F61: =MONTH(E61) -> 12 | G61: 035096003367 | H61: 44641 | I61: CTCCSQLHCVTTXH | J61: 30/3/6 đường 45, khu phố 7, phường Hiệp Bình thành phố Hồ Chí Minh | K61: 30/3/6 đường 45, khu phố 7, phường Hiệp Bình thành phố Hồ Chí Minh | O61: 0934151296 | Q61: nguyễn trần bích trâm | R61: Vợ | S61: 093 4071701 | U61: Cán bộ kỹ thuật | V61: Nhân viên | W61: Kỹ thuật - Thi công | Y61: Kỹ sư | Z61: Kỹ thuật xây dựng | AA61: dainguyen901@gmail.com.vn | AB61: 02/06/2025 | AC61: 45871 | AD61: 45871 | AE61: =DATEDIF(AC61,$BF$2,"y") -> 0 | AF61: T08/2025 | AH61: CT | AP61: 7929419674 | AQ61: 5682000 | AS61: 19037975088016 Nguyen Van Dai techcombank chi nhanh phan đăng lưu | BG61: 11
A62: =SUBTOTAL(3,$C$3:C62) -> 60 | B62: MS00154 | C62: Thái Văn Trị | D62: Nam | E62: 33105 | F62: =MONTH(E62) -> 8 | G62: 052090007680 | H62: 44780 | I62: CTCCSQLHCVTTXH | J62: Ngãi An, Cát Khánh ,Phù Cát, Bình Định | K62: 107/85 TCH 35, KP14, Phường Tân Chánh Hiệp, Quận 12, TP.HCM | O62: 0935447479 | Q62: PHẠM THỊ MƠ | R62: Vợ | S62: 0981815745 | U62: Cán bộ An toàn lao động | V62: Nhân viên | W62: Kỹ thuật - Thi công | Y62: Cao đẳng | Z62: Xây dựng Dân dụng & Công nghiệp | AA62: Thaivantrixd@gmail.com | AB62: 45839 | AC62: 45901 | AD62: 45901 | AE62: =DATEDIF(AC62,$BF$2,"y") -> 0 | AF62: T09/2025 | AH62: CT | AP62: 7916595241 | AQ62: 5682000 | AS62: Số tài khoản:1800784625.BIDV; Tài khoản ACB: 235985109 Thái Văn Trị | BG62: 12
A63: =SUBTOTAL(3,$C$3:C63) -> 61 | B63: MS00153 | C63: Trần Tuấn Tú | D63: Nam | E63: 34719 | F63: =MONTH(E63) -> 1 | G63: 089095019040 | H63: 44611 | I63: CTCCSQLHCVTTXH | J63: Vĩnh Trung, Vĩnh Trạch, Thoại Sơn, An Giang | K63: 73/5/1 Đình Phong Phú , Tp.HCM | O63: 0981683102 | Q63: Trần Quốc Tuấn | R63: Cha | S63: 0773070924 | U63: Cán bộ MEP | V63: Nhân viên | W63: Kỹ thuật - Thi công | Y63: Kỹ sư | Z63: kỹ thuật nhiệt | AA63: tttu01thanhphu@gmail.com | AB63: 45839 | AC63: 45901 | AD63: 45901 | AE63: =DATEDIF(AC63,$BF$2,"y") -> 0 | AF63: T09/2025 | AH63: CT | AP63: 8924239953 | AQ63: 5682000 | AS63: 7211611774 BIDV | BG63: 13
A64: =SUBTOTAL(3,$C$3:C64) -> 62 | B64: MS00158 | C64: Bùi Thị Xuân | D64: Nữ | E64: 37669 | F64: =MONTH(E64) -> 2 | G64: 035303000468 | H64: 45162 | I64: CTCCSQLHCVTTXH | J64: 113/21/21 Võ Duy Ninh, khu phố 28, phường Thạnh Mỹ Tây, Tp.HCM | K64: 113/21/21 Võ Duy Ninh, khu phố 28, phường Thạnh Mỹ Tây, Tp. HCM | L64: phường Thạnh Mỹ Tây | N64: Hồ Chí Minh | O64: 0364133349 | Q64: Bùi Văn Tuyên | R64: Cha | S64: 0976384899 | U64: Nhân viên Hành chính nhân sự | V64: Nhân viên | W64: Hành chính - Nhân sự | X64: Trần Thị Thi | Y64: Đại học | Z64: Ngôn ngữ anh | AA64: bxuan.work@gmail.com | AB64: 45905 | AC64: 45931 | AD64: 45931 | AE64: =DATEDIF(AC64,$BF$2,"y") -> 0 | AF64: T10/2025 | AH64: CT | AP64: 0 | AQ64: 5682000 | AS64: 19037373513018 - Techcombank
A65: =SUBTOTAL(3,$C$3:C65) -> 63 | B65: MS00159 | C65: Trần Thị Thi | D65: Nữ | E65: 33148 | F65: =MONTH(E65) -> 10 | G65: 052190009936 | H65: 44387 | I65: CTCCSQLHCVTTXH | J65: 363/38/33/2 Đất Mới, khu phố 22, phường Bình Trị Đông, Thành phố Hồ Chí Minh | K65: 363/38/33/2 Đất Mới khu phố 22 | L65: phường Bình Trị Đông | N65: Hồ Chí Minh | O65: 0933976205 | U65: TP.Hành Chính Nhân Sự | V65: QL Bậc 4 | W65: Hành chính - Nhân sự | X65: Phạm Hoàng Em | Y65: Đại học | Z65: Quản trị kinh doanh | AB65: 45915 | AC65: 45945 | AD65: 45945 | AE65: =DATEDIF(AC65,$BF$2,"y") -> 0 | AF65: T10/2025 | AH65: CT | AQ65: 7000000
A66: =SUBTOTAL(3,$C$3:C66) -> 64 | B66: MS00160 | C66: Hồ Tấn Thanh | D66: Nam | E66: 31859 | F66: =MONTH(E66) -> 3 | G66: 079087035415 | H66: 44387 | I66: CTCCSQLHCVTTXH | J66: 210 Lô L, C/c Nguyễn Kim, Phường 7, quận 10. Tp. HCM | K66: 211 Lô L, C/c Nguyễn Kim, Phường 7, quận 10. Tp. HCM | O66: 0933567973 | U66: Chỉ huy trưởng | V66: QL Bậc 4 | W66: Kỹ thuật - Thi công | X66: Ban Tổng Giám đốc | Y66: Đại học | AB66: 46038 | AC66: 46098 | AD66: 46098 | AE66: =DATEDIF(AC66,$BF$2,"y") -> 0 | AF66: T04/2026 | AH66: CT | AP66: 7911230172 | AQ66: 5682000
A67: =SUBTOTAL(3,$C$3:C67) -> 65 | B67: MS00161 | C67: Trần Thành Tâm | D67: Nam | E67: 36581 | F67: =MONTH(E67) -> 2 | G67: 080200001883 | H67: 45765 | I67: CTCCSQLHCVTTXH | J67: 47 Tổ 3, Ấp 6, Xã Cần Đước, tỉnh Tây Ninh | K67: 50/63 Nguyễn Quý Yêm, phường An Lạc , Thành phố Hồ Chí Minh | L67: phường An Lạc | N67: Hồ Chí Minh | O67: 0919894017 | U67: Nhân viên IT | V67: Nhân viên | W67: Hành chính - Nhân sự | X67: Trần Thị Thi | AB67: 46048 | AC67: 46108 | AD67: 46108 | AE67: =DATEDIF(AC67,$BF$2,"y") -> 0 | AF67: T04/2026 | AH67: HC | AP67: 7934349958 | AQ67: 5682000
A68: =SUBTOTAL(3,$C$3:C68) -> 66 | B68: MS00163 | C68: Đinh Văn Trọng | D68: Nam | E68: 29040 | F68: =MONTH(E68) -> 7 | G68: 036079001561 | H68: 44808 | I68: CTCCSQLHCVTTXH | J68: 66/7E Phạm Văn Chiêu – Phường 9 - Quận Gò Vấp | K68: 66/7E Phạm Văn Chiêu | L68: Phường 9 | M68: Gò Vấp | N68: Hồ Chí Minh | O68: 0913333332 | U68: Phó Tổng Giám đốc K. KTTC | V68: QL Bậc 2 | W68: Ban Giám Đốc | X68: Phạm Hoàng Em | Y68: Đại học | Z68: Quản trị kinh doanh | AB68: 46132 | AC68: 46132 | AD68: 46132 | AE68: =DATEDIF(AC68,$BF$2,"y") -> 0 | AH68: HC

Sheet Nghỉ việc
A2: 1 | B2: =A2+1 -> 2 | C2: =B2+1 -> 3 | D2: =C2+1 -> 4 | E2: =D2+1 -> 5 | F2: =E2+1 -> 6 | G2: =F2+1 -> 7 | H2: =G2+1 -> 8 | I2: =H2+1 -> 9 | ... BG2: =BF2+1 -> 59
A3: Stt | B3: Mã số | C3: Họ và tên | D3: Giới tính | E3: Ngày tháng năm sinh | F3: Tháng sinh nhật | G3: CCCD | H3: Ngày cấp CCCD | I3: Nơi cấp CCCD | J3: Địa chỉ thường trú (ghi theo trên CMND/CCCD) | K3: Địa chỉ tạm trú (nơi đang ở hiện tại) | O3: Số điện thoại liên lạc | P3: Tình trạng hôn nhân | Q3: Họ tên người liên hệ khẩn cấp | R3: Mối quan hệ | S3: Số điện thoại người thân | T3: Nghề nghiệp | U3: Vị trí | V3: Cấp bậc | W3: Phòng ban | X3: Quản lý trực tiếp | Y3: Bằng cấp chuyên môn/ Trình độ văn hóa cao nhất | Z3: Chuyên ngành | AA3: Địa chỉ email (nếu có) | AB3: Ngày nhận việc | AC3: ngày chính thức | AD3: ngày ký hợp đồng | AE3: Thâm niên làm việc | AF3: Tháng đóng BHXH | AG3: Số HĐLĐ cũ | AH3: Trạng thái HĐ | AI3: Ngày ký HĐTV | AJ3: Ngày kết thúc HĐTV | AK3: Ngày ký HĐLĐ XĐTH Lần 1 | AL3: Ngày kết thúc HĐLĐ XĐTH Lần 1 | AM3: Ngày ký HĐLĐ XĐTH Lần 2 | AN3: Ngày kết thúc HĐLĐ XĐTH Lần 2 | AO3: Ngày ký HĐLĐ KXĐTH | AP3: Số sổ BHXH | AQ3: Mức đóng BHXH trên HĐLĐ cũ | AR3: Mức đóng BHXH Từ ngày …./.../…. | AS3: Số TK cá nhân | AT3: Ghi chú | AU3: Mức lương gross Thử việc | AV3: Mức lương gross Chính thức | AW3: Phụ cấp (nếu có) | AX3: Mức lương điều chỉnh tăng lần 1 | AY3: Ngày hiệu lực | AZ3: Mức lương điều chỉnh tăng lần 2 | BA3: Ngày hiệu lực | BB3: Mức lương điều chỉnh tăng lần 3 | BC3: Ngày hiệu lực | BD3: Mức lương gross hiện tại | BE3: Ngày hiệu lực | BF3: Ngày nghỉ việc | BG3: Lý do nghỉ
K4: Số nhà/ Đường | L4: Phường/ Xã | M4: Quận/ Huyện | N4: Thành phố/ Tỉnh
A5: =SUBTOTAL(3,$C$5:C5) -> 0 | C5: Lư Đình Trọng | D5: Nam | BF5: 44214
A6: =SUBTOTAL(3,$C$5:C6) -> 0 | C6: Nguyễn Phương Khánh | D6: Nam | BF6: 44198
A7: =SUBTOTAL(3,$C$5:C7) -> 0 | C7: Huỳnh Văn Tân | D7: Nam | W7: Kế hoạch - Đấu thầu | BF7: 44234
A8: =SUBTOTAL(3,$C$5:C8) -> 0 | C8: Phạm Văn Đuốc | D8: Nam | BF8: 44234
A9: =SUBTOTAL(3,$C$5:C9) -> 0 | C9: Nguyễn Thị Ngọc Mỹ | D9: Nữ | W9: Tài Chính - Kế Toán | BF9: 44234
A10: =SUBTOTAL(3,$C$5:C10) -> 0 | C10: Lê Quốc Bảo | D10: Nam | BF10: 44231
A11: =SUBTOTAL(3,$C$5:C11) -> 0 | C11: Nguyễn Văn Khoa | D11: Nam | U11: QA-QC | W11: Kỹ thuật - Thi công | BF11: 44234
A12: =SUBTOTAL(3,$C$5:C12) -> 0 | C12: Lý Hoàng Duyên | D12: Nam | W12: Kỹ thuật - Thi công | BF12: 44256
A13: =SUBTOTAL(3,$C$5:C13) -> 0 | C13: Lê Minh Hoàng | D13: Nam | U13: CBKT | W13: Kỹ thuật - Thi công | BF13: 44234
A14: =SUBTOTAL(3,$C$5:C14) -> 0 | C14: Nguyễn Minh Đức | D14: Nam | BF14: 44256
A15: =SUBTOTAL(3,$C$5:C15) -> 0 | C15: Huỳnh Minh Nghị | D15: Nam | U15: M&E | W15: Kỹ thuật - Thi công | BF15: 44256
A16: =SUBTOTAL(3,$C$5:C16) -> 0 | C16: Trần Ngọc Đức | D16: Nam | BF16: 44300
A17: =SUBTOTAL(3,$C$5:C17) -> 0 | C17: Nguyễn Văn Nuôi | D17: Nam | BF17: 44348
A18: =SUBTOTAL(3,$C$5:C18) -> 0 | C18: Lê Hoàng Duy | D18: Nam | E18: 33251 | G18: 381626370 | J18: Ấp Hòa Đông- Xã Hòa Tân - Tp Cà Mau - tỉnh Cà Mau | K18: 165 tổ 9, Ấp Tường Nhơn B | L18: Xã Tường Lộc | M18: Huyện Tam Bình | N18: Tỉnh Vĩnh Long | O18: 0938576867 | R18: Mẹ | S18: 0942294272 | U18: CBKT | W18: Kỹ thuật - Thi công | X18: PHẠM HỒNG NHIÊN | Y18: Kỹ sư xây dựng | AA18: lehoangduy568@gmail.com | AB18: 43913 | AP18: 9621258686 | BF18: 44470
A19: =SUBTOTAL(3,$C$5:C19) -> 0 | C19: Lê Thị Diễm Phúc | D19: Nữ | U19: Nhân viên vật tư thiết bị | W19: Vật Tư - Thiết Bị | BF19: 44564
A20: =SUBTOTAL(3,$C$5:C20) -> 0 | C20: Nguyễn Văn Hoa | D20: Nam | U20: CBKT nhôm kính | W20: Kỹ thuật - Thi công | BF20: 44391
A21: =SUBTOTAL(3,$C$5:C21) -> 0 | C21: Nguyễn Thiện Tâm | D21: Nam | E21: 33424 | G21: 321550105 | J21: Ấp Tân Long 2. Xã Tân Thành Bình. Huyện Mỏ Cày Bắc. Bến Tre | K21: 95-97 bình lợi. P13. Quận Bình Thạnh. HCM | L21: P.13 | M21: Bình thạnh | N21: Hồ Chí Minh | O21: 0915532240 | Q21: Nguyễn Kim Ngân | R21: Em gái | S21: 0902979136 | U21: Nhân viên vật tư thiết bị | W21: Vật Tư - Thiết Bị | X21: Vật tư thiêt bị | Y21: Đại học | AB21: 44091 | AP21: 8323017818 | BF21: 44470
A22: =SUBTOTAL(3,$C$5:C22) -> 0 | C22: Phạm Hoàng Minh | D22: Nam | E22: 32030 | G22: 363720493 | J22: Tân Bình, Phụng Hiệp, Hậu Giang | K22: 293B | L22: Phường Mỹ Hoà | M22: Tp. Long Xuyên | N22: An Giang | O22: 0939191089 | U22: Thủ kho công trình | W22: Vật Tư - Thiết Bị | X22: Âu Văn Vũ | Y22: 12/12 | AP22: 9321305224 | BF22: không làm QĐNV
A23: =SUBTOTAL(3,$C$5:C23) -> 0 | C23: Trịnh Phú Quang | D23: Nam | E23: 29452 | G23: 212032070 | H23: 42949 | I23: Công An Quãng Ngãi | J23: Xã Bình Trung - huyện Bình Sơn - tỉnh Quảng Ngãi | K23: 22A Vũ Ngọc Phan | L23: Phường 13 | M23: Quận Bình Thạnh | N23: Hồ Chí Minh | O23: 0383664868 | R23: Người nhà | S23: 0784170676 | U23: Nhân viên Trắc đạc | W23: Kỹ thuật - Thi công | X23: CBKT | Y23: 12/12; CAO ĐẲNG CÔNG NGHỆ KT TRẮC ĐỊA | AB23: 43711 | AP23: 5110002975 | BF23: 44531
A24: =SUBTOTAL(3,$C$5:C24) -> 0 | C24: Nguyễn Thanh Vũ | D24: Nam | E24: 32665 | G24: 086089001173 | H24: 44303 | I24: CTCCSQLHCVTTXH | J24: Ấp An Phú , Xã An Khánh, Huyện Châu Thành, Tỉnh Đồng Tháp | K24: Ấp An Phú, Xã An Khánh, Huyện Châu Thành, Tỉnh Đồng Tháp | L24: Xã An Khánh | M24: Châu Thành | N24: Đồng Tháp | O24: 0778194025 | Q24: Lê Thị Kiều | R24: Vợ | S24: 0985420973 | U24: Kĩ sư xây dựng | W24: Kỹ thuật - Thi công | X24: Âu Văn Vũ | Y24: Kĩ sư xây dựng | AA24: thanhvu6689@gmail.com | AB24: 43907 | AP24: 8621245422 | BF24: 44531
A25: =SUBTOTAL(3,$C$5:C25) -> 0 | C25: Lưu Văn Lưỡng | D25: Nam | E25: 21186 | G25: 086058000949 | H25: 44312 | I25: Công An Vĩnh Long | J25: Ấp Hồi Trinh, Xuân Hiệp, Trà Ôn, Vĩnh Long | K25: 220/91 Lê Văn Sỹ | L25: 14 | M25: 3 | N25: Hồ Chí Minh | O25: 0702985152 | R25: Vợ | S25: 0342397660 | U25: Thủ kho | W25: Vật Tư - Thiết Bị | X25: Võ Thành Vương | AP25: 8622069412 | BF25: 44531
A26: =SUBTOTAL(3,$C$5:C26) -> 0 | C26: Nguyễn Thị Thu Trinh | D26: Nữ | U26: Nhân viên HCNS | W26: Hành chính - Nhân sự | BF26: 44494
A27: =SUBTOTAL(3,$C$5:C27) -> 0 | C27: Nguyễn Văn Út | D27: Nam | E27: 21916 | G27: 330987241 | H27: 39064 | I27: Công An Vĩnh Long | J27: Ấp Phú Sơn C, xã Long Phú, huyện Tam Bình, Vĩnh Long | K27: Ấp Tây | L27: phường Vĩnh Phú | M27: thị xã Thuận An | N27: Bình Dương | O27: 0785648736 | U27: Thủ kho kiêm bảo vệ | W27: Vật Tư - Thiết Bị | X27: Võ Thành Vương | AB27: 44491 | BF27: 44568
A28: =SUBTOTAL(3,$C$5:C28) -> 0 | C28: Nguyễn Trọng Tuấn | D28: Nam | E28: 30020 | G28: 077082001593 | H28: 43439 | I28: CTCCSQLHCVTTXH | J28: Trung Thành, Quảng Thành Châu Đức, Bà Rịa - Vũng Tàu | U28: Phó Giám Đốc Xây Dựng | W28: Kỹ thuật - Thi công | AB28: 43739
A29: =SUBTOTAL(3,$C$5:C29) -> 0 | C29: Nguyễn Văn Nga | D29: Nam | E29: 22883 | G29: 42062001990 | H29: 44305 | I29: CTCCSQLHCVTTXH | J29: 91/15 Bình Lợi, P 13 , Bình Thạnh, Hồ Chí Minh | K29: 91/15 bình lợi | L29: 13 | M29: Bình thạnh | N29: Hồ Chí Minh | O29: 0913445377 | Q29: Phạm thị Thanh Tuyền | R29: Vợ | S29: 0983525377 | U29: Trưởng bộ phận Vật tư Thiết bị | W29: Vật Tư - Thiết Bị | X29: Phạm Hoàng Em | Y29: Kỉ sư CK , Đại học | AA29: nguyenvannga02071960@gmail.com | AB29: 44501 | BF29: 44582
A30: =SUBTOTAL(3,$C$5:C30) -> 0 | C30: Phạm Hồng Nhiên | D30: Nam | E30: 30002 | G30: 054082000089 | H30: 44387 | I30: CTCCSQLHCVTTXH | J30: 47/30/10 Trường Lưu, Long Trường, Q.9, TP.HCM | K30: 47/30/10 Trường Lưu | L30: Phường Long Trường | M30: Tp. Thủ Đức | N30: Hồ Chí Minh | O30: 0916072107 | Q30: Lê Thúy Kim | R30: Vợ | S30: 0909236170 | U30: kỹ sư xây dựng | W30: Kỹ thuật - Thi công | X30: anh Thiện | Y30: Kỹ sư xây dựng | AA30: nhienpham82@gmail.com | AP30: 7912096653 | BF30: 44587
A31: =SUBTOTAL(3,$C$5:C31) -> 0 | B31: MS00072 | C31: Nguyễn Văn Việt | D31: Nam | E31: 34285 | G31: 352133669 | H31: 10/06/2016 | I31: CA An Giang | J31: Tổ 8, ấp Vĩnh Phú, xã Vĩnh An, huyện Châu Thành, tỉnh An Giang | K31: 422 Đào Trí | L31: Phú Thuận | M31: Quận 7 | N31: Hồ Chí Minh | O31: 0343285284 | Q31: Nguyễn thị kim loan | R31: Chị gái | S31: 0986100237 | U31: Kỹ Sư Trắc Đạc | W31: Kỹ thuật - Thi công | X31: Âu Văn Vũ | Y31: Cao đẳng | AA31: Nguyenvietqldd@gmail.com | AB31: 44610 | BF31: 44640
A32: =SUBTOTAL(3,$C$5:C32) -> 0 | C32: Phạm Ngọc Hưng | D32: Nam | E32: 32375 | G32: 215014476 | H32: 43054 | I32: Công An Bình Định | J32: Cát Hanh, Phù Cát, Bình Định | K32: 29/11A đường 48 | L32: Phường Hiệp Bình Chánh | M32: Tp. Thủ Đức | N32: Hồ Chí Minh | O32: 9.7645777e+08 | Q32: Nguyễn Thị Thu Trinh | R32: Vợ | S32: 0938466126 | U32: Trưởng phòng Kế hoạch - Đấu thầu | W32: Kế hoạch - Đấu thầu | X32: Anh Nguyễn Hiếu Thiện | Y32: Kỹ sư xây xựng | AA32: hungngocks2000@gmail.com | AB32: 43545 | AP32: 7910384760 | BF32: 44680
A33: =SUBTOTAL(3,$C$5:C33) -> 0 | B33: MS00077 | C33: Phạm Xuân Hòa | D33: Nam | E33: 32635 | G33: 038089018535 | H33: 43880 | I33: CTCCSQLHCVTTXH | J33: Xã Định Hưng, huyện Yên Định, tỉnh Thanh Hóa | K33: 6B3 Hà Huy Giáp | L33: Thạnh Lộc | M33: Quận 12 | N33: Hồ Chí Minh | O33: 0978546864 | Q33: Trịnh Thị Loan | R33: Mẹ | S33: 01669502350 | U33: Cán Bộ Kỹ Thuật | W33: Kỹ thuật - Thi công | X33: A Trung | Y33: Cao đẳng | AA33: hoathan19892012@gmail.com | AB33: 44652 | BF33: 44658
A34: =SUBTOTAL(3,$C$5:C34) -> 0 | B34: MS00074 | C34: Nguyễn Hoàng Vịnh | D34: Nam | E34: 33903 | G34: 54092001756 | H34: 44313 | I34: CA Phú Yên | J34: Phú Lộc, Hòa Thắng, Phú Hòa, Phú Yên | K34: 106/7B Trương Văn Thành | L34: Phường Hiệp Phú | M34: Tp Thủ Đức | N34: Hồ Chí Minh | O34: 0909111431 | Q34: 0967878160 Chị gái | R34: 0918417547 Em gái | S34: 03299119652 Vợ | U34: Cán Bộ Kỹ Thuật | W34: Kỹ thuật - Thi công | X34: Âu Văn Vũ | Y34: Đại học | AA34: nguyenhoangvinh0078@gmail.com | AB34: 44624 | BF34: 44672
A35: =SUBTOTAL(3,$C$5:C35) -> 0 | B35: MS00076 | C35: Nguyễn Thái Trung | D35: Nam | E35: 34176 | G35: 221335598 | H35: 41572 | I35: CA Phú Yên | J35: Định trung 1 - An Định - Tuy An - Phú Yên | K35: Định trung 1 | L35: An định | M35: Tuy an | N35: Phú yên | O35: 0966442607 | Q35: Nguyễn thái nguyên | R35: Anh ruột | S35: 0973201734 | U35: Cán Bộ Kỹ Thuật | W35: Kỹ thuật - Thi công | X35: Vũ | Y35: Cao đẳng | AA35: Thaitrung260793@gmail.com | AB35: 44641 | BF35: 44673
A36: =SUBTOTAL(3,$C$5:C36) -> 0 | B36: MS00073 | C36: Phạm Đình | D36: Nam | E36: 34566 | G36: 212378162 | H36: 06/02/2015 | I36: CA Tỉnh Quảng Ngãi | J36: Đội 2 thôn Phú Bình Xã Tịnh châu TP Quảng Ngãi Tỉnh Quảng Ngãi | K36: 46/1B Đường 61 | L36: Phước Long B | M36: TP. Thủ Đức | N36: TP HCM | O36: 0961433691 | R36: Vợ | S36: 0922179279 | U36: Cán Bộ Kỹ Thuật | W36: Kỹ thuật - Thi công | X36: A Trung | Y36: Đại học | AA36: phamdinhohin@gmail.com | AB36: 44621 | AP36: 5120139135 | BF36: 44685
A37: =SUBTOTAL(3,$C$5:C37) -> 0 | C37: Võ Thành Vương | D37: Nam | E37: 34099 | G37: 221357413 | H37: 40473 | I37: Công An Phú Yên | J37: Thôn Vĩnh Xuân, xã Hoà Tân Đông, Thị Xã Đông Hoà, Tỉnh Phú Yên | K37: 255/18/4 Quốc Lộ 13 cũ | L37: Hiệp Bình Phước | M37: Tp. Thủ Đức | N37: Hồ Chí Minh | O37: 0336765610 | Q37: Võ Thị Thanh Vương | R37: Vợ | S37: 0334689881 | U37: Kỹ sư xây dựng | W37: Kỹ thuật - Thi công | X37: Nguyễn Hiếu Thiện | Y37: Kỹ sư xây dựng | AA37: vothanhvuongxd@gmail.com | AP37: 7916567172 | BF37: 44680
A38: =SUBTOTAL(3,$C$5:C38) -> 0 | B38: MS00079 | C38: Đỗ Văn Kiên | D38: Nam | E38: 30/05/1987 | G38: 172904258 | H38: 16/02/2016 | I38: Công An Thanh Hóa | J38: Thị Trấn Sao Vàng, huyện Thọ Xuân, tỉnh Thanh Hoá | K38: 13/1 đường số 4, Khu Phố 3 | L38: Linh Xuân | M38: TP Thủ Đức | N38: TP Thủ Đức | O38: 0975997806, 0877757345 | Q38: Đỗ thị hằng | R38: Em gái | S38: 0986696454 | U38: Nhân viên lái máy đào | W38: Vật Tư - Thiết Bị | X38: Dương Thái Luyến | Y38: Trung cấp nghề | AA38: Dovankien69@gmail.com | AB38: 44690 | BF38: 44730
A39: =SUBTOTAL(3,$C$5:C39) -> 0 | B39: MS00082 | C39: Nhữ Văn Thành | D39: Nam | E39: 30176 | G39: 038082014910 | H39: 44460 | I39: CA Thanh Hóa | J39: Thôn Kéo, Điền Trung, Bá Thước, Thanh Hóa | K39: 102 Nguyễn Văn Tạo, ấp 3 | L39: Long Thới | M39: Nhà Bè | N39: Tp. Hồ Chí Minh | O39: 0973196949 | Q39: Lò Thị Hà | R39: Vợ | S39: 0985896225 | U39: Nhân viên kỹ thuật hiện trường | W39: Kỹ thuật - Thi công | X39: Nguyễn Thành Trung | Y39: Cao Đẳng | AA39: thanhdmk@gmail.com | AB39: 44713 | BF39: 44755
A40: =SUBTOTAL(3,$C$5:C40) -> 0 | B40: MS00090 | C40: Nguyễn Tuấn Kiệt | D40: Nam | E40: 35250 | G40: 079096028494 | H40: 22/12/2021 | I40: CTCCSQLHCVTTXH | J40: Tổ 1 . Ấp 4 . Tân Thạnh Đông . Củ chi . Tphcm | K40: 160/5a Huỳnh Minh Mương. Ấp 4. Tân Thạnh Đông . Củ chi. Tphcm | L40: Tân Thạnh Đông | M40: Củ chi | N40: Tphcm | O40: 0356425493 | Q40: Nguyễn Tuấn Anh | R40: Anh | S40: 0967181446 | U40: Nhân viên | W40: Kỹ thuật - Thi công | X40: Công trường | Y40: Cao Đẳng | AA40: Abcdef147593@gmail.cơm | AB40: 44826 | BF40: 44837
A41: =SUBTOTAL(3,$C$5:C41) -> 0 | B41: MS00088 | C41: Võ Ngọc Tân | D41: Nam | E41: 33535 | J41: Thị trấn Cẩm Xuyên, huyện Cẩm Xuyên, tỉnh Hà Tĩnh | O41: 0868626339 | AB41: 44788 | BF41: 44830
A42: =SUBTOTAL(3,$C$5:C42) -> 0 | B42: MS00085 | C42: Lê Minh Tiến | D42: Nam | E42: 35845 | O42: 0337019130 | U42: Kỹ sư cầu đường | W42: Kỹ thuật - Thi công | AB42: 44756 | BF42: 44786
A43: =SUBTOTAL(3,$C$5:C43) -> 0 | B43: MS00071 | C43: Phạm Đức Tân | D43: Nam | E43: 28082 | G43: 079076015166 | H43: 44077 | I43: Công An TP.HCM | J43: 414/62 Nơ Trang Long, P. 13, Bình Thạnh, TP. HCM | K43: 414/62 nơ trang Long | L43: 13 | M43: Bình thạnh | N43: Hồ Chí Minh | O43: 0772772226 | Q43: Nguyễn thị kim Ngọc | R43: Vợ | S43: 0908336499 | U43: Tài xế | W43: Phòng HCNS | X43: Phan Hoài Minh | Y43: Dấu D 12/12 | AB43: 44551 | BF43: 44582
A44: =SUBTOTAL(3,$C$5:C44) -> 0 | B44: MS00089 | C44: Đoàn Nhật Tiến | D44: Nam | E44: 03/07/1986 | G44: 089086009862 | H44: 27/12/2021 | I44: CTCCSQLHCVTTXH | J44: Tổ Dân Phố 2B, Thị trấn Đạ Terh, Đạ Terh, Lâm Đồng | L44: 95/2/45 | M44: Bình thạnh | N44: Tp hồ chí minh | O44: 0363248965 | R44: Vợ | S44: 0767730730 | U44: Tài xế | W44: Phòng HCNS | X44: Mr MINH | Y44: Phổ thông | AA44: Tien661665@gmail.com | AB44: 44825 | BF44: 44886
A45: =SUBTOTAL(3,$C$5:C45) -> 0 | B45: MS00086 | C45: Phạm Quang Thái | D45: Nam | E45: 34728 | G45: 082095010826 | H45: 22/12/2021 | I45: CTCCSQLHCVTTXH | J45: 2682 ấp Ninh Quới, xã Long Bình, huyện Gò Công Tây, tỉnh Tiền Giang | K45: 2682 ấp ninh qưới | L45: Long bình | M45: Q7 | N45: Q7 | O45: 0909418395, 0931067131 | R45: Em | S45: 0931067131 | U45: Cán Bộ Kỹ Thuật | W45: Kỹ thuật - Thi công | X45: Nguyễn Thành Trung | Y45: Cao đẳng | AA45: Pqthai27@gmail.com | AB45: 44768 | AC45: 44830 | AD45: 44830 | AP45: 0909418385 | BF45: 44957
A46: =SUBTOTAL(3,$C$5:C46) -> 0 | C46: Phạm Thị Phương Thảo | D46: Nữ | E46: 31770 | G46: 083186000432 | H46: 21/12/2021 | I46: CTCCSQLHCVTTXH | J46: 55/18/3 Đường 42, KP8, P.Hiệp Bình Chánh, Thủ Đức | K46: 55/18/3 Đường 42, KP8 | L46: Phường Hiệp Bình Chánh | M46: Tp. Thủ Đức | N46: Hồ Chí Minh | O46: 0917638819 | R46: Người nhà | S46: 0888639981 | U46: TP TCKT | W46: Tài Chính - Kế Toán | X46: Phạm Hoàng Em | Y46: Thạc sĩ kinh tế | AA46: phuongthao.enimac@gmail.com | AB46: 44180 | AC46: 44180 | AD46: 44501 | AP46: 7939036507 | BF46: 44958
A47: =SUBTOTAL(3,$C$5:C47) -> 0 | B47: MS00094 | C47: Nguyễn Xuân Hữu | D47: Nam | E47: 31439 | AB47: 45019 | AC47: 45080 | BF47: 45087
A48: =SUBTOTAL(3,$C$5:C48) -> 0 | B48: MS00092 | C48: Nguyễn Thị Xuân Kiều | D48: Nữ | E48: 32184 | G48: 052188003315 | H48: 44315 | I48: CTCCSQLHCVTTXH | J48: KDC Ehome4 , Phường Vĩnh Phú, TP Thuận An, Bình Dương | K48: KDC Ehome4 | L48: Vĩnh Phú | N48: Bình Dương | O48: 0987638187 | Q48: Trần Hoài Nam | R48: Chồng | S48: 0932159077 | U48: Kế toán trưởng | W48: Tài Chính - Kế Toán | X48: Phạm Hoàng Em | Y48: Đại Học | AA48: acc.kieunguyen@gmail.com | AB48: 44956 | AC48: 45017 | BF48: 45110
A49: =SUBTOTAL(3,$C$5:C49) -> 0 | B49: MS00097 | C49: Hoàng Bảo Trọng | D49: Nam | E49: 37079 | G49: 089201001488 | H49: 44310 | I49: CTCCSQLHCVTTXH | J49: 189, tổ 3, ấp 1, xã Hưng Hòa, huyện Bàu Bàng, tỉnh Bình Dương | K49: 1403/3e An Phú Đông 10 | L49: An Phú Đông | M49: 12 | N49: Hồ Chí Minh | O49: 0975497571 | Q49: Hoàng Tăng Bảo Chánh | R49: Ba | S49: 0918479120 | U49: Cán Bộ Kỹ Thuật | W49: Kỹ thuật - Thi công | X49: Âu Văn Vũ | Y49: Đại học | AB49: 45041 | AC49: 45102 | BF49: 45143
A50: =SUBTOTAL(3,$C$5:C50) -> 0 | B50: MS00075 | C50: Tô Văn Thành Vương | D50: Nam | E50: 34502 | G50: 060094009032 | H50: 12/05/2022 | I50: CTCCSQLHCVTTXH | J50: Hàm Thắng, Hàm Thuận Bắc, Bình Thuận | K50: 237/3, KP. Thạnh Lợi, đường Nguyễn Chí Thanh | L50: Phường An Thạnh | M50: Huyện Thuận An | N50: Bình Dương | O50: 0937 755 478 | Q50: Cô Trang | R50: là Mẹ | S50: 037 236 0747 | U50: Cán Bộ Kỹ Thuật | W50: Kỹ thuật - Thi công | X50: anh Hổ | Y50: Cao Đẳng | AB50: 44627 | AC50: 44688 | BF50: 45170
A51: =SUBTOTAL(3,$C$5:C51) -> 0 | B51: MS00114 | C51: Nguyễn Văn Đạt | D51: Nam | E51: 33301 | U51: Cán Bộ Kỹ Thuật | W51: Kỹ thuật - Thi công | X51: Dương Quan Mạnh Linh | AB51: 45173 | AC51: 45234 | BF51: 45214
A52: =SUBTOTAL(3,$C$5:C52) -> 0 | B52: MS00115 | C52: Phan Văn Hoài Nam | D52: Nam | E52: 33197 | G52: 083090013039 | H52: 44656 | I52: CTCCSQLHCVTTXH | J52: Ấp Phước Hảo, Bình Khánh, Mỏ Cày Nam, Bến Tre | O52: 0858436297; 0347478924 | U52: Cán Bộ Kỹ Thuật | W52: Kỹ thuật - Thi công | X52: Dương Quan Mạnh Linh | BF52: 45231
A53: =SUBTOTAL(3,$C$5:C53) -> 0 | B53: MS00107 | C53: Nguyễn Quí Phi | D53: Nam | E53: 35344 | G53: 089096007136 | H53: 44782 | I53: CTCCSQLHCVTTXH | J53: Tổ 21, Hòa Tây B, Phú Thuận, Thoại Sơn, An Giang | K53: Số 18, Lý Thái Tổ | L53: Phường Mỹ Phước | M53: TP Long Xuyên | N53: An Giang | O53: 0901885988 | Q53: Nguyễn Văn Khá | R53: Cậu | S53: 0963060632 | U53: Cán Bộ Kỹ Thuật | W53: Kỹ thuật - Thi công | X53: Âu Văn Vũ | Y53: Đại học | AA53: Phind0503@gmail.com | AB53: 45138 | AC53: 45170 | BF53: 45238
A54: =SUBTOTAL(3,$C$5:C54) -> 0 | B54: MS00090 | C54: Võ Tấn Vương | D54: Nam | E54: 32145 | G54: 051088018296 | H54: 44873 | I54: CTCCSQLHCVTTXH | J54: thôn An Cư, Nghĩa Thắng Tư Nghĩa Quảng Ngãi | K54: 17 đường số 2 khu phố 5 | L54: Hiệp Bình Chánh | M54: Tp. Thủ Đức | N54: Hồ Chí Minh | O54: 0932601550 | Q54: Bùi Thanh Lan | R54: Vợ | S54: 0855233133 | U54: Kỹ sư cầu đường | W54: Kỹ thuật - Thi công | X54: Nguyễn Hiếu Thiện | Y54: Kỹ sư cầu đường | AA54: Tanvuonggtvt@gmail.com | AB54: 44861 | AC54: 44861 | AD54: 45047 | AP54: 9211018011 | BF54: 45250 | BG54: xin nghỉ vì lý do cá nhân
A55: =SUBTOTAL(3,$C$5:C55) -> 0 | B55: MS00087 | C55: Trịnh Tiến Mạnh | D55: Nam | E55: 32053 | G55: 001087043091 | H55: 44886 | I55: CTCCSQLHCVTTXH | J55: Tổ 1, Khu phố 3, Hưng Long, Chơn Thành, Bình Phước | O55: 0775081870 | U55: Cán Bộ Kỹ Thuật | W55: Kỹ thuật - Thi công | X55: Nguyễn Thành Trung | Y55: Đại học | AA55: tienmanh.ct@gmail.com | AB55: 44774 | AC55: 01/10/2022 | AD55: 01/10/2022 | BF55: 45231 | BG55: công ty cho nghỉ, không đạt yc cầu việc
A56: =SUBTOTAL(3,$C$5:C56) -> 0 | C56: Phan Hoài Minh | D56: Nam | E56: 19737 | G56: 056054000009 | H56: 19/04/2021 | I56: CTCCSQLHCVTTXH | J56: 233/16 Nguyễn Trãi, P.Nguyễn Cư Trinh, Q.1, TPHCM | K56: 233/16 Nguyễn Trãi | L56: Phường Nguyễn Cư Trinh | M56: Q.1 | N56: Hồ Chí Minh | O56: 0918184859 | Q56: Tôn Nữ Diệu Hồng | U56: Trưởng phòng | W56: Phòng HCNS | X56: Phạm Hoàng Em | Y56: Kỹ sư xây dựng | AA56: thanhphuhcns@gmail.com | AB56: 41806 | AC56: 41806 | AP56: 7928355682 | BF56: 45323 | BG56: xin nghỉ, nghỉ do lớn tuổi
A57: =SUBTOTAL(3,$C$5:C57) -> 0 | B57: MS00091 | C57: Nguyễn Dũng | D57: Nam | E57: 28864 | G57: 060079015736 | H57: 44379 | I57: CTCCSQLHCVTTXH | J57: Tổ 9, khu phố 6 Phú Tài, Thành Phố Phan Thiết, Bình Thuận | K57: 71/48/3V đường số 6 | L57: 15 | M57: Gò Vấp | N57: Hồ Chí Minh | O57: 0973226677 | Q57: Cao Thị Minh Yến | R57: Vợ | S57: 0834593272 | U57: Tài xế văn phòng | W57: Phòng HCNS | X57: Phan Hoài Minh | Y57: 10/12 | AB57: 44886 | AC57: 44916 | AD57: 44916 | BF57: 45383 | BG57: xin nghỉ, đổi công việc khác
A58: =SUBTOTAL(3,$C$5:C58) -> 0 | B58: MS00101 | C58: Dương Quang Mạnh Linh | D58: Nam | E58: 31048 | G58: 045085000121 | H58: 44522 | I58: CTCCSQLHCVTTXH | J58: 350/37/5 Nguyễn Văn Lượng, F16, Gò Vấp, TP Hồ Chí Minh | K58: KDC Cityland Park Hill, đường số 10 | L58: Phường 10 | M58: Gò Vấp | N58: Tp Hồ Chí Minh | O58: 0978402090 | Q58: Mai Thị Bích | R58: Vợ | S58: 0909984389 | U58: Chỉ huy trưởng công trình | W58: Kỹ thuật - Thi công | X58: Nguyễn Thành Trung | Y58: Kỹ sư | AA58: duongquangmanhlinh@gmail.com | AB58: 45085 | AC58: 45146 | BF58: 45323 | BG58: công ty cho nghỉ, hết việc
A59: =SUBTOTAL(3,$C$5:C59) -> 0 | B59: MS00108 | C59: Phạm Quốc Huy | D59: Nam | E59: 30319 | G59: 089083018434 | H59: 44619 | I59: CTCCSQLHCVTTXH | J59: 78/5 Đông thịnh 2, Mỹ Phước, tp Long Xuyên, tỉnh An Giang | K59: 37 đường 84 Cao Lỗ, | L59: phường 4, | M59: quận 8, tp Hồ Chí Minh | N59: tp Hồ Chí Minh | O59: 0933030183 | Q59: Phạm Quốc Dũng | R59: cha | S59: 0903757079 | U59: kỹ sư điện | W59: Kỹ thuật - Thi công | X59: Nguyễn Ngọc Phi Hổ | Y59: Đại Học | AA59: huypham383@gmail.com | AB59: 45148 | AC59: 45209 | BF59: 45323 | BG59: công ty cho nghỉ, hết việc
A60: =SUBTOTAL(3,$C$5:C60) -> 0 | B60: MS00118 | C60: Nguyễn Thị Phi Hạc | D60: Nữ | E60: 31350 | G60: 080185000412 | H60: 45023 | I60: CTCCSQLHCVTTXH | J60: 84A Hồng Sến, khu phố 1, Long Thạnh Mỹ, TP. Thủ Đức, TP. HCM | O60: 0908637009 | Q60: Trần Hữu Hòa | R60: Chồng | S60: 0989231131 | W60: Tài Chính - Kế Toán | X60: Kế Toán - Tài chính | Y60: Phạm Hoàng Em | AA60: Đại học | AB60: 45231 | AC60: 45292 | BF60: 45397 | BG60: xin nghỉ, công việc không phù hợp
A61: =SUBTOTAL(3,$C$5:C61) -> 0 | C61: Đoàn Văn Thuận | D61: Nam | E61: 17899 | G61: 087049000464 | H61: 22/04/2021 | I61: CTCCSQLHCVTTXH | J61: Ấp Bình Hòa Hạ, Xã Thường Lạc, Huyện Hồng Ngự, Tỉnh Đồng Tháp | K61: H323/20D Tỉnh Lộ 15 | L61: Xã Phú Hòa Đông | M61: Củ Chi | N61: Hồ Chí Minh | O61: 0913406563 | R61: Vợ | S61: 0989450473 | U61: Bảo vệ | W61: Hành chính - Nhân sự | X61: Dương Thái Luyến | Y61: 4/12 | AA61: doanthikimtuyen6563@gmail.com | AP61: #N/A | BG61: cho nghỉ, hết việc
A62: =SUBTOTAL(3,$C$5:C62) -> 0 | B62: MS00102 | C62: Nguyễn Công Minh | D62: Nam | E62: 30320 | G62: 086083013199 | H62: 44975 | I62: CTCCSQLHCVTTXH | J62: Hòa Thới, Nguyễn Văn Thảnh, Bình Tân, Vĩnh Long | O62: 0938563446 | Q62: NGUYỄN NGỌC PHÚC | R62: Vợ | S62: 0795707473 | U62: Cán bộ An toàn lao động | W62: Hành chính - Nhân sự | X62: Âu Văn Vũ | Y62: Cao Đẳng | AA62: minhnguyencong446@gmail.com | AB62: 45098 | AC62: 45150 | AD62: 45150 | AP62: 0205188144 | BF62: 45425 | BG62: công ty cho nghỉ, hết việc
A63: =SUBTOTAL(3,$C$5:C63) -> 0 | B63: 48 | C63: Nguyễn Văn Út | D63: Nam | E63: 30421 | G63: 093083013557 | H63: 44905 | I63: CTCCSQLHCVTTXH | J63: Ấp Xẻo Trâm, Hòa An, Phụng Hiệp, Hậu Giang | O63: 0902584574 | Q63: Nguyễn Thị Út Em | R63: Vợ | S63: 0939197525 | U63: Bảo vệ | W63: Hành chính - Nhân sự | X63: Dương Thái Luyến | Y63: 9/12 | AB63: 45040 | AC63: 45101 | AD63: 0 | AF63: Không đóng BHXH | AP63: 0 | BF63: 45463 | BG63: công ty cho nghỉ, hết việc
A64: =SUBTOTAL(3,$C$5:C64) -> 0 | B64: 49 | C64: Nguyễn Thị Út Em | D64: Nữ | E64: 29587 | G64: 086181010313 | H64: 44886 | I64: CTCCSQLHCVTTXH | J64: Hồi Xuân, Xuân Hiệp, Trà Ôn, Vĩnh Long | O64: 0939197525 | Q64: Nguyễn Văn Út | R64: Chồng | S64: 0902584574 | U64: Nhân viên vận hành vận thăng lồng | W64: Vật Tư - Thiết Bị | X64: Dương Thái Luyến | Y64: 5/12 | AB64: 45040 | AC64: 45101 | AD64: 0 | AF64: Không đóng BHXH | AP64: 0 | BF64: 45463 | BG64: công ty cho nghỉ, hết việc
A65: =SUBTOTAL(3,$C$5:C65) -> 0 | B65: MS00110 | C65: Nguyễn Minh Quân | D65: Nam | E65: 34433 | G65: 095094001523 | H65: 44880 | I65: CTCCSQLHCVTTXH | J65: Ấp Lung Rong, Định Thành A, Đông Hải, Bạc Liêu | O65: 0823414505 | U65: Cán bộ kỹ thuật M&E | W65: Kỹ thuật - Thi công | X65: Nguyễn Ngọc Phi Hổ | Y65: Trung cấp nghề | AA65: ngminhquang0904@gmail.com | AB65: 45153 | AC65: 45214 | AD65: 45214 | AF65: =VLOOKUP(C65,'[1]T03.2024'!$B$8:$O$58,14,0) -> T10/2023 | AG65: 18/HĐLĐ/2023/TP | AP65: 9521462568 | AQ65: 5008000 | BF65: 45467 | BG65: xin nghỉ do côn việc không phù hợp
A66: =SUBTOTAL(3,$C$5:C66) -> 0 | C66: Nguyễn Hữu Vương | D66: Nam | E66: 34010 | G66: 054093010354 | H66: 44965 | I66: CTCCSQLHCVTTXH | J66: Phú Khê 2, Hòa Xuân Đông, Đông Hòa, Phú Yên | K66: 27/9A Bình Đường 2 | L66: An Bình | M66: Dĩ An | N66: Tỉnh Bình Dương | O66: 0375753774 | R66: Người nhà | S66: 0369182208 | U66: Trưởng bộ phận Kế hoạch - Đấu Thầu | W66: Kế hoạch - Đấu thầu | X66: Phạm Ngọc Hưng | Y66: Kỹ sư xây dựng | AA66: Huuvuongpy@gmail.com | AB66: 43521 | AC66: 43521 | AD66: 43770 | AF66: =VLOOKUP(C66,'[1]T03.2024'!$B$8:$O$58,14,0) -> T11/2019 | AG66: 08/HĐLĐ/2019/TP | AP66: 5421090898 | AQ66: 4730000 | BF66: 45474 | BG66: xin nghỉ do mở công ty riêng
A67: =SUBTOTAL(3,$C$5:C67) -> 0 | B67: 62 | C67: Nguyễn Thanh Vũ | D67: Nam | E67: 32665 | G67: 086089001173 | H67: 44303 | I67: CTCCSQLHCVTTXH | J67: Ấp An Phú, An Khánh, Châu Thành, Đồng Tháp | O67: 0778194025 | U67: Cán bộ kỹ thuật | W67: Kỹ thuật - Thi công | X67: Dương Quan Mạnh Linh | Y67: Đại học | AB67: 45170 | AC67: 45170 | AD67: 45173 | AF67: =VLOOKUP(C67,'[1]T03.2024'!$B$8:$O$58,14,0) -> T09/2023 | AG67: 15/HĐLĐ/2023/TP | AP67: 8621245422 | AQ67: 5008000 | BF67: 45505 | BG67: xin nghỉ do muốn làm việc tại các khu vực gần Vĩnh Long, công ty chưa có dự án
A68: =SUBTOTAL(3,$C$5:C68) -> 0 | C68: Nguyễn Trường An | D68: Nam | E68: 32907 | G68: 044090000910 | H68: 44549 | I68: CTCCSQLHCVTTXH | J68: Xóm 3, Thôn Thái Xá, Mai Thủy, Lệ Thủy, Quảng Bình | O68: 0916551789 | U68: Cán bộ QA/ QC/ QS | W68: Kỹ thuật - Thi công | X68: Nguyễn Thành Trung | Y68: Đại học | AB68: 45271 | AC68: 45323 | AD68: 45352 | AF68: =VLOOKUP(C68,'[1]T03.2024'!$B$8:$O$58,14,0) -> T03/2024 | AG68: 01/2024/HĐLĐ/TP | AP68: 0 | AQ68: 5008000 | BF68: 45505 | BG68: xin nghỉ về đà nẵng
A69: =SUBTOTAL(3,$C$5:C69) -> 0 | B69: 68 | C69: Nguyễn Trọng Hiếu | D69: Nam | E69: 35701 | G69: 079097009849 | H69: 44587 | I69: CTCCSQLHCVTTXH | J69: 110k/22 Lê Văn Duyệt P.1 Q.Bình Thạnh | K69: 110k/22 Lê Văn Duyệt P.1 Q.Bình Thạnh | O69: 0332404218 | Q69: Doãn Thị Chi | R69: Mẹ | S69: 087 9353918 | U69: Tài xế văn phòng | W69: Hành chính - Nhân sự | X69: Nguyễn Minh Tân | Y69: Bằng C ô tô | AA69: nguyentronghieudino@gmail.com | AB69: 45383 | AC69: 45444 | AD69: 45444 | AF69: T06/2024 | AP69: #N/A | AQ69: 5008000 | AS69: VietinBank STK: 104869250792 | BF69: 45517 | BG69: xin nghỉ, bị giam bằng 2 tháng
A70: =SUBTOTAL(3,$C$5:C70) -> 0 | B70: 45 | C70: Nguyễn Thanh Hải | D70: Nam | E70: 27425 | G70: 072075001821 | H70: 44788 | I70: CTCCSQLHCVTTXH | J70: 125/9 bờ bao tân thắng, phường sơn kỳ, quận tân phú. Tp HCM | K70: 125/9 bờ bao tân thắng | L70: Phường sơn kỳ | M70: Quận rân phú | N70: Tp Hồ Chí Minh | O70: 0962264239 | Q70: Trương Thị Thắm | R70: Vợ | S70: 0971914609 | U70: Tài xế | W70: Vật Tư - Thiết Bị | X70: Vật tư - Thiết bị | Y70: Dương thái Luyến | Z70: 12/12 bằng lái xe hạng D | AB70: 44749 | AC70: 44749 | AD70: 44805 | AF70: T09/2022 | AG70: 12/HĐLĐ/2022/TP | AP70: 7911175850 | AQ70: 5008000 | BF70: 45516 | BG70: xin nghỉ, chấn thương chân không làm được
A71: =SUBTOTAL(3,$C$5:C71) -> 0 | C71: Trần Lê Anh Vũ | D71: Nam | E71: 33853 | G71: 079092013231 | H71: 44522 | I71: CTCCSQLHCVTTXH | J71: 272 Lê Quang Định, phường 11, quận Bình Thạnh | K71: 272 Lê Quang Định, phường 11, quận Bình Thạnh | O71: 0932700010 | Q71: Trần Lê Anh Minh | R71: Em Ruột | S71: 0909933420 | U71: Tài xế văn phòng | W71: Hành chính - Nhân sự | X71: Nguyễn Minh Tân | Y71: Bằng lái xe ô tô (dành cho vị trí tài xế) | Z71: B2 | AA71: bjnbjn0609@gmail.com | AB71: 45519 | AP71: 7913232102 | AS71: 19037109107028 Techcombach | BF71: 45541 | BG71: xin nghỉ, công việc không phù hợp
A72: =SUBTOTAL(3,$C$5:C72) -> 0 | C72: Hoàng Minh Toàn | D72: Nam | E72: 33421 | G72: 044091011857 | H72: 44612 | I72: CTCCSQLHCVTTXH | J72: Việt Trung Bố Trạch, Quảng Bình | K72: Căn 0606, Block A, CC Stown Phúc An 1, Đường N3, Dĩ An, Bình Dương | O72: 0386009228 | Q72: Đặng Thị Mùi | R72: Vợ | S72: 0356261621 | U72: Trưởng Phòng KH-Đấu Thầu | W72: Kế hoạch - Đấu thầu | X72: Nguyễn Hiếu Thiện | Y72: Đại học | AA72: hoangtoan0291@gmail.com | AB72: 45482 | AP72: 7916026765 | AS72: 1800170969 - Ngân Hàng BIDV - CN Kỳ Hòa, TP.HCM | BF72: 45552 | BG72: không đạt đánh giá thử việc, năng lực chưa đủ đảm nhiệm vị trí trưởng phòng
A73: =SUBTOTAL(3,$C$5:C73) -> 0 | C73: Lục Văn Trí | D73: Nam | E73: 35550 | G73: 051097013831 | H73: 44420 | I73: CTCCSQLHCVTTXH | J73: Xã Nghĩa Mỹ- Huyện Tư Nghĩa- Tỉnh Quảng Ngãi | K73: 592 Đường Nguyễn Văn Quá-Phường Đông Hưng Thuận- Quận 12- TP HCM | O73: 0327507357 | Q73: Nguyên | R73: Khác | S73: 0388495785 | U73: Cán bộ kỹ thuật | W73: Kỹ thuật - Thi công | X73: Nguyễn Thành Trung | Y73: Đại học | Z73: Ngành kỹ thuật xây dựng công trình giao thông ( Xây Dựng Cầu Đường) | AA73: lucvantri1@gmail.com | AB73: 45538 | AP73: 5120675863 | AS73: 0271001017763 + VIETCOMBANK + CHI NHÁNH QUẢNG NGÃI | BF73: 45554 | BG73: xin nghỉ, lý do cá nhân
A74: =SUBTOTAL(3,$C$5:C74) -> 0 | B74: 56 | C74: Mang Thị Đức Nhơn | D74: Nữ | E74: 29521 | G74: 079180013273 | H74: 44296 | I74: CTCCSQLHCVTTXH | J74: 75/36/33/8, KP4, An Phú Đông, Quận 12, Hồ Chí Minh | O74: 0909459899 | U74: Kế toán tổng hợp | W74: Tài Chính - Kế Toán | X74: Phạm Hoàng Em | Y74: Đại học | AA74: ducnhon2007@yahoo.com.vn | AB74: 45103 | AC74: 45164 | AD74: 45164 | AF74: =VLOOKUP(C74,'[1]T03.2024'!$B$8:$O$58,14,0) -> T09/2023 | AG74: 13/HĐLĐ/2023/TP | AP74: 0203282812 | AQ74: 5008000 | BF74: 45566 | BG74: xin nghỉ, công việc không phù hợp
A75: =SUBTOTAL(3,$C$5:C75) -> 0 | B75: 65 | C75: Tô Văn Thành Vương | D75: Nam | E75: 34502 | G75: 060094009032 | H75: 12/05/2022 | I75: CTCCSQLHCVTTXH | J75: Hàm Thắng, Hàm Thuận Bắc, Bình Thuận | K75: 237/3, KP. Thạnh Lợi, đường Nguyễn C+L62+M62 | L75: Phường An Thạnh | M75: Huyện Thuận An | N75: Bình Dương | O75: 0937 755 478 | Q75: Cô Trang | R75: là Mẹ | S75: 037 236 0747 | U75: Cán bộ kỹ thuật M&E | W75: Kỹ thuật - Thi công | X75: Nguyễn Ngọc Phi Hổ | Y75: Đại học | AA75: vuongtvt.thanhphuxd@gmail.com | AB75: 45231 | AC75: 45231 | AD75: 45261 | AF75: T12/2023 | AG75: 01/HĐLĐ/2023/PĐ | AP75: #N/A | AQ75: 5008000 | BF75: 45566 | BG75: xin nghỉ, công việc không phù hợp
A76: =SUBTOTAL(3,$C$5:C76) -> 0 | C76: Đinh Văn Hưng | D76: Nam | U76: Cán bộ kỹ thuật | W76: Kỹ thuật - Thi công | X76: Phạm Văn Vũ | Y76: Kỹ sư | BF76: 45565 | BG76: nghỉ trong thời gian thử việc
A77: =SUBTOTAL(3,$C$5:C77) -> 0 | C77: Cao Thăng Long | D77: Nam | U77: Cán bộ QAQC cầu đường | W77: Kỹ thuật - Thi công | X77: Nguyễn Thành Trung | Y77: Kỹ sư | BF77: 45580 | BG77: nghỉ trong thời gian thử việc
A78: =SUBTOTAL(3,$C$5:C78) -> 0 | C78: Lương Vĩnh Pháp | D78: Nam | E78: 33107 | G78: 056090002340 | H78: 45149 | I78: CTCCSQLHCVTTXH | J78: Hà Liên, Ninh Hòa, Khánh Hòa | K78: 52/6 Trương Đăng Quế, phường 1, Gò Vấp | O78: 0708583988 | Q78: Nguyễn Thị Hà | R78: Mẹ | S78: 0774546126 | U78: Cán bộ kỹ thuật | W78: Kỹ thuật - Thi công | X78: Phạm Văn Vũ | Y78: Đại học | Z78: Kỹ sư công trình giao thông | AB78: 45558 | AC78: 45619 | AP78: 0 | AS78: 13010001413404 - BIDV - CN sở GD 2 | BF78: 45611 | BG78: xin nghỉ trong thời gian thử việc, công việc không phù hợp
A79: =SUBTOTAL(3,$C$5:C79) -> 0 | C79: Nguyễn Văn Huỳnh Em | D79: Nam | E79: 33239 | G79: 084091010562 | H79: 44607 | I79: CTCCSQLHCVTTXH | J79: Tích phú - Tích Thiện - Trà Ôn - Vĩnh Long | O79: 0969584129 | Q79: Nguyễn văn sơn | S79: 0339080439 | U79: Cán bộ An toàn lao động | W79: Ban An toàn lao động | X79: Nguyễn Thành Trung | Y79: Cao Đẳng | Z79: Bảo Hộ Lao Động | AA79: huynhematld.ap@gmail.com | AB79: 45239 | AC79: 45269 | AD79: 0 | AP79: 0 | BF79: 45594 | BG79: Xin nghỉ, lấy danh nghĩa công ty mượn nợ từ đồng nghiệp cho đến tổ đội, làm hồ sơ lấy tiền của tổ đội
A80: =SUBTOTAL(3,$C$5:C80) -> 0 | C80: Nguyễn Quốc Hiệp | D80: Nam | E80: 29115 | U80: Cán bộ kỹ thuật | W80: Kỹ thuật - Thi công | X80: Phạm Văn Vũ | BF80: 45650 | BG80: nghỉ trong thời gian thử việc, lý do: mất đột ngột khi đang ngủ tại VP BCH TL7
A81: =SUBTOTAL(3,$C$5:C81) -> 1 | C81: Huỳnh Thanh Long | D81: Nam | E81: 27484 | G81: 079075001416 | H81: 44387 | I81: CTCCSQLHCVTTXH | J81: 2637/21/03 Huỳnh Tấn Phát, Phú Xuân, Nhà Bè, Tphcm | K81: E23-10-04 Chung cư Belleza, Phường Phú Mỹ, Q7, TPHCM | O81: 0902573839 | Q81: LÊ THỊ TÂM HÀ | R81: Vợ | S81: 0204208052 | T81: Kỹ sư xây dựng | U81: Giám đốc QLDA | W81: Kỹ thuật - Thi công | X81: Nguyễn Hiếu Thiện | Y81: Kỹ sư | Z81: KỸ SƯ XÂY DỰNG | AA81: longht.cons@gmail.com | AB81: 45768 | AC81: 45768 | AD81: 45768 | AF81: T05/2025 | AP81: 0903573839 | AQ81: 5308000 | BF81: 45829 | BG81: xin nghỉ, không phù hợp với công ty
A82: =SUBTOTAL(3,$C$5:C82) -> 2 | B82: 28 | C82: Lê Văn Minh | D82: Nam | E82: 31807 | G82: 066087010371 | H82: 44840 | I82: CTCCSQLHCVTTXH | J82: Thôn 1, xã Ealai, M'Đrắk, Đắk lắk | K82: Số 4, Đường 34 | L82: Linh Đông | M82: Tp. Thủ Đức | N82: Hồ Chí Minh | O82: 0973838103 | Q82: Nguyễn Thị Hằng | R82: Vợ | S82: 7914154607 | T82: Kỹ sư xây dựng | U82: Nhân viên Kế hoạch - Đấu thầu | W82: Kế hoạch - Đấu thầu | X82: Phạm Ngọc Hưng | Y82: Kỹ sư xây dựng | AA82: vanminh20123@gmail.com | AB82: 43556 | AC82: 43617 | AD82: 43587 | AF82: =VLOOKUP(C82,'[1]T03.2024'!$B$8:$O$58,14,0) -> T06/2019 | AG82: 14/HĐLĐ/2019/TP | AP82: 0393944114 | AQ82: 4473000 | BF82: 45383 | BG82: xin nghỉ, kinh doanh riêng
A83: =SUBTOTAL(3,$C$5:C83) -> 3 | B83: 47 | C83: Lý Hoàng Duyên | D83: Nam | E83: 31980 | G83: 086087006491 | H83: 44418 | I83: CTCCSQLHCVTTXH | J83: Ấp Tường Ngãi Nhơn Bình, Trà Ôn, Vĩnh Long | K83: 49 Nguyễn Thị Tín | L83: Bùi Hữu Nghĩa | M83: Bình Thủy | N83: Cần Thơ | O83: 0939654446 | Q83: Lý Hoàng Chiểu | R83: Anh | S83: 8621944848 | T83: Kỹ sư xây dựng | U83: Cán bộ kỹ thuật | W83: Kỹ thuật - Thi công | X83: Âu Văn Vũ | Y83: Kỹ sư | AA83: hoangduyen22718@gmail.com | AB83: 44998 | AC83: 45017 | AD83: 44998 | AF83: =VLOOKUP(C83,'[1]T03.2024'!$B$8:$O$58,14,0) -> T04/2023 | AG83: 01/HĐLĐ/2023/TP | AP83: 0904786839 | AQ83: 5008000 | BF83: 45839 | BG83: xin nghỉ, qua Bcons làm
A84: =SUBTOTAL(3,$C$5:C84) -> 4 | B84: 54 | C84: Đặng Hoàng Nhựt Thắng | D84: Nam | E84: 35440 | G84: 096097002620 | H84: 44649 | I84: CTCCSQLHCVTTXH | J84: ấp 6, xã Tân Thành, Tp Cà Mau, Tỉnh Cà Mau | K84: 27 đường số 3A, KDC 6B Intresco | L84: Bình Hưng | M84: Bình Chánh | N84: Tp HCM | O84: 0946577710 | Q84: Lê Thị Hoàng Kim | R84: Vợ | S84: 9621265242 | T84: Kỹ sư xây dựng | U84: Cán bộ kĩ thuật nhôm kính | W84: Kỹ thuật - Thi công | X84: Mr Trường | Y84: Kỹ sư | AA84: dangthangxd97@gmail.com | AB84: 45100 | AC84: 45161 | AD84: 45161 | AF84: =VLOOKUP(C84,'[1]T03.2024'!$B$8:$O$58,14,0) -> T09/2023 | AG84: 12/HĐLĐ/2023/TP | AP84: 0768497424 | AQ84: 5008000 | BF84: 45810 | BG84: xin nghỉ, ra phú quốc làm
A85: =SUBTOTAL(3,$C$5:C85) -> 5 | B85: 60 | C85: Đậu Bá Linh | D85: Nam | E85: 33082 | G85: 060090000259 | H85: 44267 | I85: CTCCSQLHCVTTXH | J85: Xóm 4, Thôn 6, Măng Tố, Tánh Linh, Bình Thuận | K85: 557 Tô Ký | L85: Trung Mỹ Tây | M85: Quận 12 | N85: Hồ Chí Minh | O85: 0985855286 | Q85: Đinh Thị Hải Phượng | R85: Vợ | S85: 9794789177 | T85: Kỹ sư xây dựng | U85: Cán bộ QA/ QC/ QS | W85: Kỹ thuật - Thi công | X85: Chỉ huy trưởng | Y85: Kỹ sư | AA85: Daubalinh@gmail.com | AB85: 45153 | AC85: 45214 | AD85: 45214 | AF85: =VLOOKUP(C85,'[1]T03.2024'!$B$8:$O$58,14,0) -> T10/2023 | AG85: 19/HĐLĐ/2023/TP | AP85: 0971510635 | AQ85: 5008000 | BF85: 45870 | BG85: xin nghỉ, mở kinh doanh riêng
A86: =SUBTOTAL(3,$C$5:C86) -> 6 | B86: 64 | C86: Lê Công Bảo | D86: Nam | E86: 32567 | G86: 052089012078 | H86: 44697 | I86: CTCCSQLHCVTTXH | J86: Tổ 38, Khu phố 9, Tân Phong, TP. Biên Hòa, Đồng Nai | O86: 0986732108 | S86: 5221391020 | T86: Hành chính - Nhân sự | U86: Chỉ huy trưởng | W86: Kỹ thuật - Thi công | X86: Dương Quan Mạnh Linh | Y86: Kỹ sư | AB86: 45208 | AC86: 45269 | AD86: 45269 | AF86: =VLOOKUP(C86,'[1]T03.2024'!$B$8:$O$58,14,0) -> T12/2023 | AG86: 22/HĐLĐ/2023/TP | AQ86: 5008000 | BF86: 45819 | BG86: xin nghỉ, năng lực không được đánh giá cao (CHT công trình Kho tài liệu Quận 1)
A87: =SUBTOTAL(3,$C$5:C87) -> 7 | B87: 67 | C87: Nguyễn Minh Tân | D87: Nam | E87: 34296 | G87: 079093020468 | H87: 44522 | I87: CTCCSQLHCVTTXH | J87: 237/29/48 Nguyễn Văn Đậu, Phường 11, Quận Bình Thạnh, TP.HCM | K87: 237/29/48 Nguyễn Văn Đậu, Phường 11, Quận Bình Thạnh, TP.HCM | O87: 0903765093 | Q87: Ms Xuân | R87: Chị Ruột | S87: 7916566304 | U87: Trưởng phòng HCNS | W87: Hành chính - Nhân sự | X87: Phạm Hoàng Em | Y87: Đại học | AA87: timmj2010@gmail.com.vn | AB87: 45390 | AC87: 45597 | AD87: 45420 | AF87: T11/2024 | AP87: 0909431969 | AQ87: 5308000 | BF87: 45916 | BG87: xin nghỉ, lý do cá nhân
A88: =SUBTOTAL(3,$C$5:C88) -> 8 | B88: 71 | C88: Huỳnh Thanh Long | D88: Nam | E88: 37554 | G88: 052202010064 | H88: 44557 | I88: CTCCSQLHCVTTXH | J88: Thôn Thắng Kiên, Cát Khánh, Phù Cát, Bình Định | K88: 76E, Đường số 36, Phường Linh Đông, Thủ Đức, TP.HCM | O88: 0867432507 | Q88: Huỳnh Thanh Hòa | R88: Cha | S88: 5221012863 | U88: Nhân viên IT kiêm hành chính | W88: Hành chính - Nhân sự | X88: Nguyễn Minh Tân | Y88: Đại học | Z88: Công nghệ thông tin | AA88: it.htlong25@gmail.com | AB88: 45516 | AC88: 45577 | AD88: 45577 | AF88: T10/2024 | AP88: 0394664753 | AQ88: 5308000 | BF88: 45789 | BG88: xin nghỉ, về quê
A89: =SUBTOTAL(3,$C$5:C89) -> 9 | B89: MS00157 | C89: Phan Ngọc Oanh | D89: Nam | E89: 34079 | F89: =MONTH(E89) -> 4 | G89: 042093004620 | H89: 44511 | I89: CTCCSQLHCVTTXH | J89: Thôn Mỹ Hòa, Xã Phù Lưu, Huyện Lộc Hà, Tỉnh Hà Tĩnh | K89: 146/ 8B đường Lã Xuân Oai, Tp. Hồ Chí Minh | O89: 0902365046 | Q89: Nguyễn Thị Hồng. | R89: Vợ | S89: 0932055236 | U89: Cán bộ kỹ thuật | V89: Nhân viên | W89: Kỹ thuật - Thi công | Y89: Kỹ sư | Z89: Kỹ thuật xây dựng công trình giao thông | AA89: quangoanh.xd@gmail.com | AB89: 45866 | AC89: 45928 | AE89: =DATEDIF(AC89,'Master List'!$BF$2,"y") -> 0 | AH89: TV | AP89: 4217600862 | AS89: 3190138046 - Ngân hàng BIDV- Chi nhánh Đông Sài Gòn | BF89: 45931 | BG89: thử việc không đạt yêu cầu, nhân viên xin nghỉ
A90: =SUBTOTAL(3,$C$5:C90) -> 9 | B90: MS00147 | C90: Đặng Gia Khuyến | D90: Nam | E90: 35864 | F90: =MONTH(E90) -> 3 | G90: 054098004407 | H90: 44881 | I90: CTCCSQLHCVTTXH | J90: Tổ 1, KP Liên Trì 1, Phường 9, Tuy Hòa, Phú Yên | K90: 17 Đường số 2, KP Tân Lập, Đông Hòa, Dĩ An, Bình Dương | O90: 0902550146 | Q90: Đặng Ánh Nguyên | R90: Em Ruột | S90: 0337134087 | T90: Kỹ sư kinh tế xây dựng | U90: Cán bộ dự toán | V90: Nhân viên | W90: Kỹ thuật - Thi công | X90: Nguyễn Minh Hiếu | Y90: Kỹ sư | Z90: Kinh tế xây dựng | AA90: danggiakhuyenpy2024@gmail.com | AB90: 45768 | AC90: 45829 | AD90: 45829 | AE90: =DATEDIF(AC90,'Master List'!$BF$2,"y") -> 1 | AF90: T07/2025 | AH90: CT | AP90: 5421016064 | AQ90: 5308000 | AS90: 8872185294 + BIDV + BIDV chi nhánh Thủ Đức | BF90: 20/10/2025 | BG90: việc gia đình
A91: =SUBTOTAL(3,$C$5:C91) -> 10 | B91: MS00155 | C91: Huỳnh Anh Hào | D91: Nam | E91: 28732 | F91: =MONTH(E91) -> 8 | G91: 052078004161 | H91: 45138 | I91: CTCCSQLHCVTTXH | J91: 499A Bình Thành, Bình Hưng Hòa B, Bình Tân, TP. Hồ Chí Minh | K91: 499A Bình Thành, Bình Hưng Hòa B, Bình Tân, TP. Hồ Chí Minh | O91: 0902707941 | Q91: Nguyễn Thị Tú Trinh | R91: Vợ | S91: 0913878432 | U91: Chỉ huy trưởng | V91: QL Bậc 4 | W91: Kỹ thuật - Thi công | Y91: Kỹ sư | Z91: Kỹ sư xây dựng | AA91: huynhanhhao78@gmail.com | AB91: 45848 | AC91: 45910 | AD91: 45910 | AE91: =DATEDIF(AC91,$BF$2,"y") -> #NUM! | AF91: T09/2025 | AH91: TV | AP91: 7916456360 | AS91: Số tài khoản: 1904206372520 - Ngân hàng Agribank - chi nhánh Miền Đông | BF91: 45971 | BG91: việc gia đình
A92: =SUBTOTAL(3,$C$3:C92) -> 12 | B92: MS00150 | C92: Cao Duy Linh | D92: Nam | E92: 34290 | F92: =MONTH(E92) -> 11 | G92: 074093000938 | H92: 44311 | I92: CTCCSQLHCVTTXH | J92: 251 đường 11, Linh Xuân, Thủ Đức, TP Hồ Chí Minh | K92: 251 đường 11, Linh Xuân, Thủ Đức, TP Hồ Chí Minh | O92: 0933350897 | Q92: Trần Ngọc Kim Thoa | R92: Vợ | S92: 0964048915 | U92: Nhân viên IT | V92: Nhân viên | W92: Hành chính - Nhân sự | X92: Trần Thị Thi | Y92: Đại học | Z92: Sư phạm kỹ thuật Điện | AA92: linhcao1711@gmail.com | AB92: 45785 | AC92: 45846 | AE92: =DATEDIF(AC92,$BF$2,"y") -> #NUM! | AH92: CT | AP92: 7914140714 | AS92: 90789791179 ngân hàng TP bank chi nhánh HCM
A93: =SUBTOTAL(3,$C$3:C93) -> 13 | B93: MS00083 | C93: Lê Trọng Nghĩa | D93: Nam | E93: 34490 | F93: =MONTH(E93) -> 6 | G93: 082094002987 | H93: 44833 | I93: CTCCSQLHCVTTXH | J93: Ấp Thanh Nhung 2, Phước Trung, Gò Công Đông, Tiền Giang | O93: 0783625684 | T93: Tài xế | U93: Tài xế | V93: Nhân viên | W93: Vật tư - Thiết bị | X93: Dương Thái Luyến | Y93: không có | AB93: 44729 | AC93: 44790 | AD93: 44805 | AE93: =DATEDIF(AC93,$BF$2,"y") -> #NUM! | AF93: =VLOOKUP(C93,'[1]T03.2024'!$B$8:$O$58,14,0) -> T09/2022 | AG93: 13/HĐLĐ/2022/TP | AH93: CT | AP93: 8223397024 | AQ93: 5682000 | BG93: Xin nghỉ do công ty hết việc
A94: =SUBTOTAL(3,$C$3:C94) -> 14 | B94: MS00078 | C94: Ngô Điền Trung | D94: Nam | E94: 35116 | F94: =MONTH(E94) -> 2 | G94: 082096009345 | H94: 29/06/2021 | I94: CTCCSQLHCVTTXH | J94: Hưng Hòa, Long Hưng, Gò Công, tỉnh Tiền Giang | K94: Đường số 57 | L94: Phường 14 | M94: Gò Vấp | N94: Hồ Chí Minh | O94: 0966591406 | Q94: Ngô Thị Bích Thuận | R94: Chị | S94: 0375551452 | T94: Kỹ sư xây dựng công trình giao thông | U94: Cán bộ kỹ thuật | V94: Nhân viên | W94: Kỹ thuật - Thi công | X94: Nguyễn Thành Trung | Y94: Kỹ sư | AA94: trungngo210296@gmail.com | AB94: 44684 | AC94: 44745 | AD94: 44745 | AE94: =DATEDIF(AC94,$BF$2,"y") -> #NUM! | AF94: =VLOOKUP(C94,'[1]T03.2024'!$B$8:$O$58,14,0) -> T07/2022 | AG94: 08/HĐLĐ/2022/TP | AH94: CT | AP94: 8223939415 | AQ94: 5682000 | BF94: 46113 | BG94: xin nghỉ vì lý do cá nhân
A95: =SUBTOTAL(3,$C$3:C95) -> 15 | B95: MS00135 | C95: Nguyễn Ngọc Toàn | D95: Nam | E95: 32822 | F95: =MONTH(E95) -> 11 | G95: 060089002942 | H95: 44219 | I95: CTCCSQLHCVTTXH | J95: Xóm 5 Thôn 6 xã Hàm Đức Huyện Hàm Thuận Bắc Tỉnh Bình Thuận | K95: CC Pi City , Thạnh Xuân 13 , phường Thạnh Xuân, Quận 12, TP.HCM | O95: 0901639671 | Q95: Nguyễn Thị Bé Sáu | R95: Vợ | S95: 0975711927 | T95: Kỹ Sư Công Nghiệp | U95: Cán bộ kỹ thuật M&E | V95: Nhân viên | W95: Kỹ thuật - Thi công | X95: Nguyễn Ngọc Phi Hổ | Y95: Kỹ sư | Z95: Kỹ Sư Công Nghiệp | AA95: nguyenngoctoan.n2t@gmail.com | AB95: 45561 | AC95: 45627 | AD95: 45717 | AE95: =DATEDIF(AC95,$BF$2,"y") -> #NUM! | AF95: T03/2025 | AG95: 03/HĐLĐ/2026/TP | AH95: CT | AP95: 7415034655 | AQ95: 5682000 | AS95: BIDV 61110000671816 Nguyễn Ngọc Toàn - CN Bình Thuận | BF95: 46123 | BG95: xin nghỉ vì lý do cá nhân
A96: =SUBTOTAL(3,$C$3:C96) -> 16 | B96: MS00162 | C96: Phạm Thanh Tuấn | D96: Nam | E96: 28234 | F96: =MONTH(E96) -> 4 | G96: 036077036404 | H96: 45342 | I96: CTCCSQLHCVTTXH | J96: Vân Ninh Thọ Yên Bình, Ý Yên, Nam Định | K96: Xã Bình Hưng, Huyện Bình Chánh, Tp. HCM | O96: 0969698114 | U96: Chỉ huy phó MEP | W96: Kỹ thuật - Thi công | X96: Âu Văn Vũ | BF96: 46135 | BG96: xin nghỉ vì lý do cá nhân
A97: =SUBTOTAL(3,$C$3:C97) -> 17 | B97: MS00040 | C97: Phạm Văn Vũ | D97: Nam | E97: 32212 | F97: =MONTH(E97) -> 3 | G97: 051088011516 | H97: 26/12/2021 | I97: CTCCSQLHCVTTXH | J97: Xuân An, Xã Đông Sơn, Tỉnh Quảng Ngãi | K97: H323, ấp Phú An | L97: Phú Hòa Đông | M97: Củ Chi | N97: Hồ Chí Minh | O97: 0906921923 | Q97: Trương Thị Mỹ Dung | R97: Vợ | S97: 0938432766 | T97: Kỹ sư xây dựng | U97: Chỉ huy trưởng cầu đường | V97: Nhân viên | W97: Kỹ thuật - Thi công | X97: Nguyễn Thành Trung | Y97: Kỹ sư cầu đường | AA97: vuphamgtvt@gmail.com | AB97: 44112 | AC97: 44113 | AD97: 44166 | AE97: =DATEDIF(AC97,$BF$2,"y") -> #NUM! | AF97: =VLOOKUP(C97,'[1]T03.2024'!$B$8:$O$58,14,0) -> T12/2020 | AG97: 21/HĐLĐ/2020/TP | AH97: CT | AP97: 9213007043 | AQ97: 5682000 | BF97: 46143 | BG97: xin nghỉ có việc gia đình
A98: =SUBTOTAL(3,$C$3:C98) -> 18 | B98: MS00145 | C98: Nguyễn Tuấn Tài | D98: Nam | E98: 33008 | F98: =MONTH(E98) -> 5 | G98: 051090011468 | H98: 44670 | I98: CTCCSQLHCVTTXH | J98: Thị trấn Mộ Đức, huyện Mộ Đức, tỉnh Quảng Ngãi | K98: 46B đường số 2, khu phó 6, phường Tân Phú, thành phố Thủ Đức, Tp. HCM | O98: 0938662579 | Q98: Trần Thanh Hiệp | R98: Vợ | S98: 0901523335 | U98: Chỉ huy trưởng | V98: QL Bậc 4 | W98: Kỹ thuật - Thi công | X98: Nguyễn Minh Hiếu | Y98: Kỹ sư | Z98: Xây dựng dân dụng và công nghiệp | AA98: tuantaiksxd@gmail.com | AB98: 45755 | AC98: 45816 | AD98: 45816 | AE98: =DATEDIF(AC98,$BF$2,"y") -> #NUM! | AF98: T06/2025 | AH98: CT | AP98: 7915010269 | AQ98: 5682000 | AS98: 60113199711 - sacombank Thủ Đức - Nguyễn Tuấn Tài | BG98: 8
B99: MS00164 | C99: Lê Hải Long
B100: MS00165 | C100: Phạm Phú Hải

Sheet Lay so HDTV & MSNV
A1: LẤY SỐ HỢP ĐỒNG THỬ VIỆC
A2: STT | B2: Năm | C2: MSNV | D2: Họ và tên | E2: Vị trí | F2: Từ ngày | G2: Đến ngày | H2: Mức lương
A3: 1 | B3: 2025 | C3: MS00157 | D3: Bùi Thị Xuân
A4: 2 | B4: 2025 | C4: MS00158 | D4: Trần Thị Thi

Sheet Theo doi rieng HĐTV
H2: Ngưỡng đánh giá hợp đồng | I2: 10
A3: STT | B3: Ký HĐ & đóng BHXH | C3: Họ và tên | D3: Giới | E3: Năm sinh | F3: Vị trí tuyển | G3: Thử việc L1 | H3: Thử việc L2 | I3: Ngày chính thức | J3: Ngày tái ký hợp đồng lần 1 | K3: Lương gộp TV | L3: Lương gộp chính thức | M3: Ghi chú
A4: =IF(C4="","",SUBTOTAL(3,$C$4:C4)) -> 1 | C4: Phạm Văn Phụng | D4: Nam | E4: 1975 | F4: Bảo vệ | G4: 44341 | I4: 44402 | K4: 6000000 | L4: 6000000 | M4: Không ký hđlđ, k đóng BH
A5: =IF(C5="","",SUBTOTAL(3,$C$4:C5)) -> 2 | B5: x | C5: Nguyễn Bảo Ngọc | D5: Nữ | E5: 34539 | F5: Nhân viên HCNS | G5: 44340 | H5: 44473 | I5: 44504 | K5: 8000000 | L5: 10000000
A6: =IF(C6="","",SUBTOTAL(3,$C$4:C6)) -> 3 | B6: x | C6: Lê Quốc Dũng | D6: Nam | E6: 28628 | F6: Thủ kho kiêm bảo vệ | G6: 44487 | I6: 44518 | K6: 6000000 | L6: 7000000 | M6: Kết thúc thử việc trong 1 tháng
A7: =IF(C7="","",SUBTOTAL(3,$C$4:C7)) -> 4 | C7: Nguyễn Văn Út | D7: Nam | E7: 22262 | F7: Thủ kho kiêm bảo vệ | G7: 44491 | H7: 44552 | K7: 6500000 | L7: 8000000 | M7: định lại mức lương sau 2 tháng thử việc
A8: =IF(C8="","",SUBTOTAL(3,$C$4:C8)) -> 5 | B8: x | C8: Nguyễn Duy Hải | D8: Nam | E8: 33626 | F8: CBKT (KS dân dụng) | G8: 44494 | I8: 44555 | K8: 12000000 | L8: 15000000
A9: =IF(C9="","",SUBTOTAL(3,$C$4:C9)) -> 6 | C9: Nguyễn Văn Nga | D9: Nam | E9: 22883 | F9: Trưởng bộ phận thiết bị | G9: 44501 | H9: 44531 | I9: 44562 | K9: 15000000 | M9: Thử việc đến khi có chỉ định mới từ TGĐ
A10: =IF(C10="","",SUBTOTAL(3,$C$4:C10)) -> 7 | C10: Nguyễn Một Tê | D10: Nam | E10: 21551 | F10: Thủ kho kiêm bảo vệ | G10: 44525 | I10: 44555 | K10: 7000000 | L10: 7000000
A11: =IF(C11="","",SUBTOTAL(3,$C$4:C11)) -> 8 | B11: x | C11: Phạm Đức Tân | D11: Nam | E11: 28082 | F11: Tài xế | G11: 44551 | I11: 44582 | K11: 5600000 | L11: 8000000
A12: =IF(C12="","",SUBTOTAL(3,$C$4:C12)) -> 9 | C12: Nguyễn Văn Việt | D12: Nam | E12: 34285 | F12: Kỹ sư trắc đạc | G12: 44610 | I12: 44638 | K12: 16000000 | L12: 20000000 | M12: nghỉ việc từ 20/03/2022
A13: =IF(C13="","",SUBTOTAL(3,$C$4:C13)) -> 10 | C13: Phạm Đình | D13: Nam | E13: 34566 | F13: Kỹ sư cầu đường | G13: 44621 | I13: 44682 | K13: 13600000 | L13: 17000000 | M13: nghỉ việc từ 04/05/2022 vì mức lương bị giảm (mr. trung yêu cầu do k đáp ứng yc công việc)
A14: =IF(C14="","",SUBTOTAL(3,$C$4:C14)) -> 11 | C14: Nguyễn Hoàng Vịnh | D14: Nam | E14: 33903 | F14: Chỉ huy phó | G14: 44624 | I14: 44685 | K14: 14000000 | L14: 16000000 | M14: nghỉ việc từ 21/04/2022
A15: =IF(C15="","",SUBTOTAL(3,$C$4:C15)) -> 12 | B15: x | C15: Tô Văn Thành Vương | D15: Nam | E15: 34502 | F15: Kỹ sư cơ điện | G15: 44627 | I15: 44688 | K15: 14000000 | L15: 18000000 | M15: Tăng BH Phú Đức
A16: =IF(C16="","",SUBTOTAL(3,$C$4:C16)) -> 13 | C16: Nguyễn Thái Trung | D16: Nam | E16: 34176 | F16: Kỹ sư trắc đạc | G16: 44641 | I16: 44672 | K16: 15000000 | L16: 18000000 | M16: nghỉ việc từ 22/4/2022
A17: =IF(C17="","",SUBTOTAL(3,$C$4:C17)) -> 14 | C17: Phạm Xuân Hòa | D17: Nam | E17: 32635 | F17: Kỹ sư cầu đường | G17: 44652 | I17: 44713 | K17: 15000000 | L17: 17000000 | M17: nghỉ việc từ chiều 07/04/2022
A18: =IF(C18="","",SUBTOTAL(3,$C$4:C18)) -> 15 | B18: x | C18: Ngô Điền Trung | D18: Nam | E18: 35116 | F18: Kỹ sư cầu đường | G18: 44684 | I18: 44745 | K18: 9000000 | L18: 12000000
A19: =IF(C19="","",SUBTOTAL(3,$C$4:C19)) -> 16 | C19: Đỗ Văn Kiên | D19: Nam | E19: 31927 | F19: Nhân viên lái máy đào | G19: 44690 | I19: 44721 | K19: 12000000 | L19: 15000000 | M19: OT x1.5
A20: =IF(C20="","",SUBTOTAL(3,$C$4:C20)) -> 17 | B20: x | C20: Lê Văn Thịnh | D20: Nam | E20: 33544 | F20: Kỹ sư cầu đường | G20: 44704 | I20: 44765 | K20: 12000000 | L20: 16000000
A21: =IF(C21="","",SUBTOTAL(3,$C$4:C21)) -> 18 | B21: x | C21: Nguyễn Ngọc Quý | D21: Nam | E21: 34103 | F21: Kỹ sư trắc đạc | G21: 44705 | I21: 44766 | K21: 15500000 | L21: 18000000
A22: =IF(C22="","",SUBTOTAL(3,$C$4:C22)) -> 19 | C22: Nhữ Văn Thành | D22: Nam | E22: 30176 | F22: Kỹ sư cầu đường | G22: 44713 | I22: 44774 | K22: 15000000 | M22: Nghỉ từ 13/07/2022
A23: =IF(C23="","",SUBTOTAL(3,$C$4:C23)) -> 20 | B23: x | C23: Nguyễn Thanh Hải | D23: Nam | E23: 27425 | F23: Nhân viên lái xe tưới nước | I23: 44749 | K23: 8000000 | L23: 9000000
A24: =IF(C24="","",SUBTOTAL(3,$C$4:C24)) -> 21 | B24: x | C24: Lưu Văn Lưỡng | D24: Nam | E24: 21186 | F24: Thủ kho kiêm bảo vệ | I24: 44767 | K24: 8000000 | L24: 9000000
A25: =IF(C25="","",SUBTOTAL(3,$C$4:C25)) -> 22 | B25: x | C25: Lê Trọng Nghĩa | D25: Nam | E25: 34490 | F25: Nhân viên lái máy đào | G25: 44729 | I25: 44790 | K25: 10000000 | L25: 13000000 | M25: OT >=2h phụ cấp 30.000/ ngày
A26: =IF(C26="","",SUBTOTAL(3,$C$4:C26)) -> 23 | C26: Nguyễn Văn Hiệu | D26: Nam | E26: 30159 | F26: Kỹ sư QA/QC | G26: 44743 | I26: 44805 | K26: 16000000 | M26: nghỉ từ 2/7/2022
A27: =IF(C27="","",SUBTOTAL(3,$C$4:C27)) -> 24 | C27: Lê Minh Tiến | D27: Nam | E27: 35845 | F27: Kỹ sư cầu đường | G27: 44756 | I27: 44818 | K27: 10000000 | M27: nghỉ từ 13/08/2022
A28: =IF(C28="","",SUBTOTAL(3,$C$4:C28)) -> 25 | C28: Đoàn Mạnh | D28: Nam | E28: 34125 | F28: Kỹ sư cầu đường | G28: 44760 | I28: 44822 | K28: 15000000 | M28: nghỉ từ 19/07/2022
A29: =IF(C29="","",SUBTOTAL(3,$C$4:C29)) -> 26 | B29: x | C29: Phạm Quang Thái | D29: Nam | E29: 34728 | F29: Kỹ sư cầu đường | G29: 44768 | I29: 44830 | K29: 11500000 | L29: 14000000
A30: =IF(C30="","",SUBTOTAL(3,$C$4:C30)) -> 27 | B30: x | C30: Trịnh Tiến Mạnh | D30: Nam | E30: 32053 | F30: Kỹ sư cầu đường | G30: 44774 | I30: 44835 | K30: 17000000 | L30: 18000000
A31: =IF(C31="","",SUBTOTAL(3,$C$4:C31)) -> 28 | C31: Võ Ngọc Tân | D31: Nam | E31: 33535 | F31: Kỹ thuật hiện trường và hồ sơ | G31: 44788 | I31: 44849 | K31: 12000000 | M31: nghỉ từ 26/09/2022
A32: =IF(C32="","",SUBTOTAL(3,$C$4:C32)) -> 29 | C32: Võ Minh Ngôn | D32: Nam | E32: 31664 | F32: Tài xế văn phòng | G32: 44818 | I32: 44879 | K32: 7200000 | L32: 9000000 | M32: nghỉ từ 19/09/2022
A33: =IF(C33="","",SUBTOTAL(3,$C$4:C33)) -> 30 | C33: Đoàn Nhật Tiến | D33: Nam | E33: 31596 | F33: Tài xế văn phòng | G33: 44825 | I33: 44855 | K33: 7200000 | L33: 9000000 | M33: Nghỉ từ 21/11/2022
A34: =IF(C34="","",SUBTOTAL(3,$C$4:C34)) -> 31 | C34: Nguyễn Tuấn Kiệt | D34: Nam | E34: 35250 | F34: Cán bộ kỹ thuật cầu đường | G34: 44826 | I34: 44856 | K34: 10000000 | M34: nghỉ từ 03/10/2022
A35: =IF(C35="","",SUBTOTAL(3,$C$4:C35)) -> 32 | C35: Trần Quốc Việt | D35: Nam | E35: 34680 | F35: Cán bộ kỹ thuật cầu đường | G35: 44841 | I35: 44902 | K35: 11500000 | M35: không nhận việc
A36: =IF(C36="","",SUBTOTAL(3,$C$4:C36)) -> 33 | B36: x | C36: Võ Tấn Vương | D36: Nam | E36: 32145 | F36: Kỹ sư QA/QC | G36: 44861 | I36: 44861 | L36: 20000000 | M36: đóng BHXH từ tháng 5/2023
A37: =IF(C37="","",SUBTOTAL(3,$C$4:C37)) -> 34 | B37: x | C37: Nguyễn Dũng | D37: Nam | E37: 28864 | F37: Tài xế văn phòng | G37: 44886 | I37: 44916 | K37: 8000000 | L37: 9500000
A38: =IF(C38="","",SUBTOTAL(3,$C$4:C38)) -> 35 | B38: x | C38: Nguyễn Thị Xuân Kiều | D38: Nữ | E38: 32184 | F38: Kế toán trưởng | G38: 44956 | I38: 45015 | K38: 16000000 | L38: 20000000 | M38: nghỉ từ 03/07/2023
A39: =IF(C39="","",SUBTOTAL(3,$C$4:C39)) -> 36 | B39: x | C39: Lý Hoàng Duyên | D39: Nam | E39: 31980 | F39: Cán bộ kỹ thuật | G39: 44998 | I39: 45059 | K39: 18000000
A40: =IF(C40="","",SUBTOTAL(3,$C$4:C40)) -> 37 | C40: Nguyễn Xuân Hữu | D40: Nam | E40: 31439 | F40: Cán bộ an toàn lao động | G40: 45019 | I40: 45080 | K40: 16000000 | M40: Nghỉ từ 10/06/2023
A41: =IF(C41="","",SUBTOTAL(3,$C$4:C41)) -> 38 | B41: từ chối | C41: Nguyễn Văn Út | D41: Nam | E41: 30421 | F41: Bảo vệ | G41: 45040 | I41: 45101 | K41: 10000000 | L41: 10000000
A42: =IF(C42="","",SUBTOTAL(3,$C$4:C42)) -> 39 | B42: từ chối | C42: Nguyễn Thị Út Em | D42: Nữ | E42: 29587 | F42: Nhân viên vận hành vận thăng lồng | G42: 45040 | I42: 45101 | K42: 10000000 | L42: 10000000
A43: =IF(C43="","",SUBTOTAL(3,$C$4:C43)) -> 40 | B43: x | C43: Hoàng Bảo Trọng | D43: Nam | E43: 37079 | F43: Cán bộ kỹ thuật | G43: 45041 | I43: 45102 | K43: 8000000 | L43: 10000000 | M43: nghỉ từ 05/08/2023
A44: =IF(C44="","",SUBTOTAL(3,$C$4:C44)) -> 41 | B44: x | C44: Nguyễn Tuấn Anh | D44: Nam | E44: 26172 | F44: Cán bộ kỹ thuật | G44: 45049 | I44: 45110 | K44: 14000000 | L44: 15000000
A45: =IF(C45="","",SUBTOTAL(3,$C$4:C45)) -> 42 | C45: Lý Thiên Ưng | D45: Nam | E45: 31048 | F45: Cán bộ kỹ thuật | G45: 45063 | I45: 45124 | K45: 12000000 | M45: nghỉ từ 19/05/2023
A46: =IF(C46="","",SUBTOTAL(3,$C$4:C46)) -> 43 | B46: x | C46: Nguyễn Văn Phòng | D46: Nam | E46: 34579 | F46: Cán bộ kỹ thuật | G46: 45063 | I46: 45124 | K46: 12000000 | L46: 16000000 | M46: đóng BHXH từ tháng 8
A47: =IF(C47="","",SUBTOTAL(3,$C$4:C47)) -> 44 | B47: x | C47: Thiềm Thanh Bình | D47: Nam | E47: 29085 | F47: Nhân viên IT | G47: 45068 | I47: 45129 | K47: 10000000 | L47: 12000000 | M47: lãnh BHTN đến hết tháng 05/2023, không đóng BHXH
A48: =IF(C48="","",SUBTOTAL(3,$C$4:C48)) -> 45 | C48: Trần Minh Điểm | D48: Nam | E48: 30682 | F48: Cán bộ an toàn lao động | G48: 45086 | I48: 45147 | K48: 17000000 | M48: không nhận việc
A49: =IF(C49="","",SUBTOTAL(3,$C$4:C49)) -> 46 | C49: Dương Quang Mạnh Linh | D49: Nam | E49: 31048 | F49: Chi huy trưởng | G49: 45085 | H49: 45115 | I49: 45146 | K49: 25500000 | L49: 30000000 | M49: nghỉ từ 31/01/2024, lý do: hết việc cty cho nghỉ
A50: =IF(C50="","",SUBTOTAL(3,$C$4:C50)) -> 47 | B50: x | C50: Nguyễn Công Minh | D50: Nam | E50: 30320 | F50: Cán bộ an toàn lao động | G50: 45089 | I50: 45150 | K50: 14500000 | L50: 18000000
A51: =IF(C51="","",SUBTOTAL(3,$C$4:C51)) -> 48 | B51: x | C51: Đặng Hoàng Nhựt Thắng | D51: Nam | E51: 35440 | F51: Cán bộ nhôm kính | G51: 45100 | I51: 45161 | K51: 12000000 | L51: 15500000
A52: =IF(C52="","",SUBTOTAL(3,$C$4:C52)) -> 49 | B52: x | C52: Phạm Ngọc Hưng | D52: Nam | E52: 32375 | F52: Cán bộ kỹ thuật | G52: 45100 | I52: 45100 | K52: 20000000 | L52: 20000000
A53: =IF(C53="","",SUBTOTAL(3,$C$4:C53)) -> 50 | B53: x | C53: Mang Thị Đức Nhơn | D53: Nữ | E53: 29521 | F53: Kế toán tổng hợp | G53: 45103 | I53: 45164 | K53: 14400000 | L53: 18000000
A54: =IF(C54="","",SUBTOTAL(3,$C$4:C54)) -> 51 | B54: x | C54: Lê Thế Quyền | D54: Nam | E54: 34293 | F54: Cán bộ kỹ thuật | G54: 45104 | I54: 45165 | K54: 14000000 | L54: 18000000
A55: =IF(C55="","",SUBTOTAL(3,$C$4:C55)) -> 52 | C55: Nguyễn Quí Phi | D55: Nam | F55: Cán bộ kỹ thuật | G55: 45138 | H55: 45203 | I55: 45234 | K55: 12000000 | M55: nghỉ từ tháng 08/11/2023, lý do: không đạt yc, không đóng ý ký hđ 3 tháng giữ nguyên mức lương thử việc
A56: =IF(C56="","",SUBTOTAL(3,$C$4:C56)) -> 53 | B56: x | C56: Phạm Quốc Huy | D56: Nam | E56: 30319 | F56: Cán bộ kỹ thuật ME | G56: 45148 | I56: 45209 | K56: 15000000 | L56: 16000000 | M56: nghỉ từ 31/01/2024, lý do: hết việc cty cho nghỉ
A57: =IF(C57="","",SUBTOTAL(3,$C$4:C57)) -> 54 | B57: x | C57: Nguyễn Minh Hiếu | D57: Nam | E57: 30369 | F57: Phó giám đốc thi công | G57: 45152 | I57: 45213 | K57: 28000000 | L57: 35000000
A58: =IF(C58="","",SUBTOTAL(3,$C$4:C58)) -> 55 | B58: x | C58: Nguyễn Minh Quân | D58: Nam | E58: 34433 | F58: Cán bộ kỹ thuật ME | G58: 45153 | I58: 45214 | K58: 11000000 | L58: 13000000
A59: =IF(C59="","",SUBTOTAL(3,$C$4:C59)) -> 56 | B59: x | C59: Đậu Bá Linh | D59: Nam | E59: 33082 | F59: Cán bộ kỹ thuật QS | G59: 45153 | I59: 45214 | K59: 16000000 | L59: 19000000
A60: =IF(C60="","",SUBTOTAL(3,$C$4:C60)) -> 57 | B60: x | C60: Nguyễn Văn Nuôi | D60: Nam | E60: 24838 | F60: Bảo vệ | G60: 45153 | I60: 45214 | K60: 7500000 | L60: 7500000
A61: =IF(C61="","",SUBTOTAL(3,$C$4:C61)) -> 58 | B61: x | C61: Nguyễn Thanh Vũ | D61: Nam | E61: 32665 | F61: Cán bộ kỹ thuật | G61: 45170 | I61: 45170 | K61: 17000000 | L61: 17000000
A62: =IF(C62="","",SUBTOTAL(3,$C$4:C62)) -> 59 | C62: Nguyễn Văn Đạt | D62: Nam | E62: 33301 | F62: Cán bộ kỹ thuật | G62: 45173 | I62: 45234 | K62: 15000000 | M62: nghỉ từ 15/10/2023, lý do: trả lương chậm và không cho ứng lương lúc thử việc
A63: =IF(C63="","",SUBTOTAL(3,$C$4:C63)) -> 60 | C63: Phan Văn Hoài Nam | D63: Nam | E63: 33197 | F63: Cán bộ an toàn lao động | G63: 45180 | I63: 45241 | K63: 14000000 | M63: nghỉ từ tháng 11, lý do: công việc không phù hợp
A64: =IF(C64="","",SUBTOTAL(3,$C$4:C64)) -> 61 | B64: x | C64: Phan Hoàng Hận | D64: Nam | E64: 31027 | F64: Cán bộ kỹ thuật ME | G64: 45200 | I64: 45231 | K64: 13000000 | L64: 16000000
A65: =IF(C65="","",SUBTOTAL(3,$C$4:C65)) -> 62 | B65: x | C65: Lê Công Bảo | D65: Nam | E65: 32567 | F65: CBKT | G65: 45208 | I65: 45269 | K65: 18000000 | L65: 18000000
A66: =IF(C66="","",SUBTOTAL(3,$C$4:C67)) -> 64 | C66: Lê Văn Hoa | D66: Nam | E66: 22556 | F66: Bảo vệ | G66: 45211 | I66: 45272 | K66: 7500000 | L66: 7500000 | M66: nghỉ từ 31/10/2023, lý do: công việc không phù hợp
A67: =IF(C67="","",SUBTOTAL(3,$C$4:C67)) -> 64 | C67: Nguyễn Thị Phi Hạc | D67: Nữ | E67: 31350 | F67: Kế toán trưởng | G67: 45231 | I67: 45292 | K67: =85%*L67 -> 25500000 | L67: 30000000 | M67: nghỉ từ 15/04/2023, lý do: BTGĐ cho nghỉ
A68: =IF(C68="","",SUBTOTAL(3,$C$4:C68)) -> 65 | B68: x | C68: Tô Văn Thành Vương | D68: Nam | F68: Cán bộ kỹ thuật | G68: 45231 | I68: 45231 | K68: 22000000 | L68: 22000000 | M68: ký hđ và đóng BHXH từ tháng 12/2023 Phú Đức
A69: =IF(C69="","",SUBTOTAL(3,$C$4:C69)) -> 66 | B69: T08/2024 | C69: Nguyễn Văn Huỳnh Em | D69: Nam | E69: 33239 | F69: Cán bộ an toàn lao động | G69: 45239 | I69: 45269 | K69: 15500000 | L69: 17000000
A70: =IF(C70="","",SUBTOTAL(3,$C$4:C70)) -> 67 | C70: Nguyễn Văn Danh | D70: Nam | E70: 33558 | F70: Cán bộ kỹ thuật | G70: 45239 | I70: 45300 | K70: 18000000 | M70: nghỉ từ 07/01/2024
A71: =IF(C71="","",SUBTOTAL(3,$C$4:C71)) -> 68 | C71: Trần Trọng Hiếu | D71: Nam | E71: 30294 | F71: Cán bộ kỹ thuật | G71: 45245 | I71: 45306 | K71: 18000000 | M71: nghỉ từ 27/12/2023
A72: =IF(C72="","",SUBTOTAL(3,$C$4:C72)) -> 69 | C72: Lê Quang Lộc | D72: Nam | E72: 30784 | F72: Cán bộ kỹ thuật | G72: 45246 | I72: 45276 | K72: 15000000 | M72: Nghỉ từ 16/11/2023, lý do: công việc không phù hợp
A73: =IF(C73="","",SUBTOTAL(3,$C$4:C73)) -> 70 | B73: x | C73: Nguyễn Trường An | D73: Nam | E73: 32907 | F73: Kỹ sư QA/QC | G73: 45271 | I73: 45323 | K73: 15000000 | L73: 17000000
A74: =IF(C74="","",SUBTOTAL(3,$C$4:C74)) -> 71 | B74: x | C74: Nguyễn Trọng Hiếu | D74: Nam | E74: 35701 | F74: Tài xế văn phòng | G74: 45383 | I74: 45444 | K74: =L74*0.8 -> 8800000 | L74: 11000000 | M74: Nghỉ từ 13/08/2024, xin nghỉ do bị giam bằng 2 tháng
A75: =IF(C75="","",SUBTOTAL(3,$C$4:C75)) -> 72 | B75: x | C75: Nguyễn Minh Tân | D75: Nam | E75: 34296 | F75: Trưởng phòng HCNS | G75: 45390 | I75: 45420 | K75: =L75*0.8 -> 16000000 | L75: 20000000 | M75: cắt BHXH từ tháng 07/2024 để hưởng BHTN
A76: =IF(C76="","",SUBTOTAL(3,$C$4:C80)) -> 77 | B76: x | C76: Nguyễn Thị Thương | D76: Nữ | E76: 31999 | F76: Kế toán | G76: 45474 | I76: 45536 | K76: 8000000 | L76: 11000000
A77: =IF(C77="","",SUBTOTAL(3,$C$4:C77)) -> 74 | C77: Hoàng Minh Toàn | D77: Nam | E77: 33276 | F77: Trưởng phòng KH-ĐT | G77: 45482 | I77: 45544 | K77: =L77*0.8 -> 20000000 | L77: 25000000 | M77: nghỉ từ 17/09/2024, không pass thử việc
A78: =IF(C78="","",SUBTOTAL(3,$C$4:C80)) -> 77 | B78: x (1 năm) | C78: Tiền Vĩ Đại | D78: Nam | E78: 36827 | F78: Cán bộ kỹ thuật | G78: 45488 | I78: 45550 | J78: 45914 | K78: 10000000 | L78: 10000000
A79: =IF(C79="","",SUBTOTAL(3,$C$4:C81)) -> 78 | B79: x (1 năm) | C79: Phạm Văn Hiếu | D79: Nam | E79: 35855 | F79: Cán bộ QA/QC cầu đường | G79: 45505 | I79: 45566 | J79: 45930 | K79: 13000000 | L79: 16000000
A80: =IF(C80="","",SUBTOTAL(3,$C$4:C81)) -> 78 | B80: x | C80: Huỳnh Thanh Long | D80: Nam | E80: 37554 | F80: Nhân viên IT | G80: 45516 | I80: 45577 | K80: 7200000 | L80: 9000000
A81: =IF(C81="","",SUBTOTAL(3,$C$4:C81)) -> 78 | C81: Trần Lê Anh Vũ | D81: Nam | E81: 33853 | F81: Tài xế văn phòng | G81: 45519 | I81: 45580 | K81: 8800000 | L81: 11000000 | M81: nghỉ từ 06/09/2024, xin nghỉ lý do cá nhân
A82: =IF(C82="","",SUBTOTAL(3,$C$4:C82)) -> 79 | C82: Lục Văn Trí | D82: Nam | E82: 35550 | F82: Cán bộ kỹ thuật cầu đường | G82: 45538 | I82: 45599 | K82: 14000000 | L82: 0 | M82: Nghỉ từ 19/09/2024, xin nghỉ lý do cá nhân
A83: =IF(C83="","",SUBTOTAL(3,$C$4:C83)) -> 80 | B83: x | C83: Nguyễn Trường Long | D83: Nam | E83: 33559 | F83: Tài xế văn phòng | G83: 45547 | I83: 45608 | K83: 9000000 | L83: 11000000
A84: =IF(C84="","",SUBTOTAL(3,$C$4:C84)) -> 81 | B84: thiếu GKSK + CCCD công chứng | C84: Lương Vĩnh Pháp | D84: Nam | E84: 33107 | F84: Cán bộ kỹ thuật (cầu đường) | G84: 45558 | I84: 45619 | K84: 14000000 | L84: 0 | M84: Nghỉ từ chiều 15/11/2024, công việc không phù hợp
A85: =IF(C85="","",SUBTOTAL(3,$C$4:C85)) -> 82 | B85: x (1 năm) | C85: Nguyễn Ngọc Toàn | D85: Nam | E85: 32822 | F85: Kỹ sư M&E | G85: 45561 | I85: 45627 | J85: 46081 | K85: 16000000 | L85: 20000000 | M85: lương chính thức xét sau thử việc
A86: =IF(C86="","",SUBTOTAL(3,$C$4:C86)) -> 83 | B86: x | C86: Lê Mĩ Dung | D86: Nam | E86: 33271 | F86: Kế toán tổng hợp | G86: 45562 | I86: 45627 | K86: 15000000 | L86: 18000000
A87: =IF(C87="","",SUBTOTAL(3,$C$4:C87)) -> 84 | C87: Đinh Văn Hưng | D87: Nam | E87: 33347 | F87: Cán bộ kỹ thuật (cầu đường) | G87: 45565 | I87: 45626 | K87: 16000000 | L87: 0 | M87: xin nghỉ do không sắp xếp đc việc riêng
A88: =IF(C88="","",SUBTOTAL(3,$C$4:C88)) -> 85 | B88: x | C88: Cao Thanh Long | D88: Nam | E88: 27530 | F88: Trưởng bộ phận thiết bị | G88: 45566 | I88: 45627 | K88: =0.8*L88 -> 20000000 | L88: 25000000
A89: =IF(C89="","",SUBTOTAL(3,$C$4:C89)) -> 86 | C89: Cao Thăng Long | D89: Nam | E89: 34523 | F89: Cán bộ QA/QC cầu đường | G89: 45572 | I89: 45633 | K89: 14000000 | L89: 0 | M89: nghỉ từ 15/10/2024, xin nghỉ ly do không sắp xếp được việc gia đình
A90: =IF(C90="","",SUBTOTAL(3,$C$4:C90)) -> 87 | B90: x | C90: Phạm Hồng Nhiên | D90: Nam | F90: CBKT | G90: 45580 | I90: 45580 | K90: 20000000 | L90: 20000000
A91: =IF(C91="","",SUBTOTAL(3,$C$4:C91)) -> 88 | B91: x (1 năm) | C91: Nguyễn Minh Thọ | D91: Nam | E91: 32758 | F91: Cán bộ an toàn lao động | G91: 45607 | I91: 45668 | J91: 46056 | K91: 16000000 | L91: 20000000
A92: =IF(C92="","",SUBTOTAL(3,$C$4:C92)) -> 89 | B92: x (1 năm) | C92: Trần Văn Khắc | D92: Nam | E92: 34839 | F92: Cán bộ QA/QC cầu đường | G92: 45614 | I92: 45675 | J92: 46040 | K92: 16000000 | L92: 18000000
A93: =IF(C93="","",SUBTOTAL(3,$C$4:C93)) -> 90 | C93: Nguyễn Quốc Hiệp | D93: Nam | E93: 29115 | F93: Cán bộ kỹ thuật (cầu đường) | G93: 45617 | I93: 45675 | K93: 14500000 | L93: 0 | M93: nghỉ từ 24/12/2024, lý do: mất đột ngột tại vp BCH TL7
A94: =IF(C94="","",SUBTOTAL(3,$C$4:C94)) -> 91 | B94: x (1 năm) | C94: Trần Vũ Luân | D94: Nam | E94: 32952 | F94: Cán bộ kỹ thuật nhôm kính | G94: 45751 | I94: 45812 | J94: 46177 | K94: 11000000 | L94: 15000000 | M94: thiếu GKSK
A95: =IF(C95="","",SUBTOTAL(3,$C$4:C95)) -> 92 | B95: x (1 năm) | C95: Nguyễn Tuấn Tài | D95: Nam | E95: 33008 | F95: Chỉ huy trưởng | G95: 45755 | I95: 45816 | J95: 46181 | K95: 20000000 | L95: 25000000
A96: =IF(C96="","",SUBTOTAL(3,$C$4:C96)) -> 93 | B96: x (1 năm) | C96: Hoàng Hải Sang | D96: Nam | E96: 33205 | F96: Chuyên viên phòng đầu thầu | G96: 45763 | I96: 45763 | J96: 46127 | K96: 21000000 | M96: không thử việc
A97: =IF(C97="","",SUBTOTAL(3,$C$4:C97)) -> 94 | B97: x (1 năm) | C97: Đặng Gia Khuyến | D97: Nam | E97: 35864 | F97: Cán bộ dự toán | G97: 45768 | I97: 45829 | J97: 45829 | K97: 16000000 | L97: 19000000
A98: =IF(C98="","",SUBTOTAL(3,$C$4:C98)) -> 95 | B98: x (1 năm) | C98: Huỳnh Thanh Long | D98: Nam | E98: 27484 | F98: Giám đốc dự án 102 NKKN | G98: 45768 | I98: 45768 | J98: 46132 | K98: 30000000 | L98: 30000000 | M98: không thử việc, nghỉ từ 21/06/2025, lý do: không phù hợp
A99: =IF(C99="","",SUBTOTAL(3,$C$4:C99)) -> 96 | B99: x (1 năm) | C99: Trần Lê Minh | D99: Nam | E99: 36122 | F99: Cán bộ kỹ thuật | G99: 45782 | I99: 45843 | J99: 46235 | K99: 14000000 | L99: 17000000
A100: =IF(C100="","",SUBTOTAL(3,$C$4:C100)) -> 97 | B100: ký hđ tháng 12/2025 | C100: Cao Duy Linh | D100: Nam | E100: 34290 | F100: Nhân viên IT | G100: 45785 | I100: 45846 | K100: 9600000 | L100: 12000000
A101: =IF(C101="","",SUBTOTAL(3,$C$4:C101)) -> 98 | B101: x (1 năm) | C101: Nguyễn Văn Đại | D101: Nam | E101: 35414 | F101: Cán bộ QA/QC/QS | G101: 45810 | I101: 45871 | J101: 46236 | K101: 13000000
...

Sheet Lay so HDLD
A1: LẤY SỐ HỢP ĐỒNG LAO ĐỘNG
A2: STT | B2: Năm | C2: MSNV | D2: Họ và tên | E2: Vị trí | F2: Từ ngày | G2: Đến ngày | H2: Mức lương
A3: 1 | B3: 2025

Sheet Danh mục HDLD
A2: DANH MỤC HỢP ĐỒNG LAO ĐỘNG
A3: STT | B3: Năm | C3: MSNV | D3: Họ và tên | E3: Từ ngày | F3: Đến ngày | G3: Mức lương | H3: Số HĐLĐ | I3: Loại HĐLĐ
A4: 1 | B4: 2021

Sheet DS Đoàn Viên
A2: BÁO CÁO NHÂN SỰ HẰNG NGÀY
A3: DANH SÁCH ĐOÀN VIÊN (CUỐI 2021)
A4: STT | B4: Họ tên | C4: Năm sinh | E4: Ngày vào làm việc tại đơn vị
C5: Nam | D5: Nữ
A6: 1 | B6: Phạm Hoàng Em | C6: 28990 | E6: =VLOOKUP(B6,'Master List'!C3:G39,4,0) -> 5
A7: 2 | B7: Nguyễn Hiếu Thiện | C7: 26451 | E7: =VLOOKUP(B7,'Master List'!C4:G39,4,0) -> 6
A8: 3 | B8: Phan Hoài Minh | C8: 19737 | E8: =VLOOKUP(B8,'Master List'!C5:G39,4,0) -> #N/A
A9: 4 | B9: Nguyễn Bảo Ngọc | D9: 34539 | E9: =VLOOKUP(B9,'Master List'!C6:G39,4,0) -> 7
A10: 5 | B10: Huỳnh Văn Lũy | C10: 29754 | E10: =VLOOKUP(B10,'Master List'!C6:G39,4,0) -> 6
A11: 6 | B11: Đồng Văn Thạch | C11: 27030 | E11: =VLOOKUP(B11,'Master List'!C7:G39,4,0) -> 1
A12: 7 | B12: Trần Văn Khình | C12: 30944 | E12: =VLOOKUP(B12,'Master List'!C8:G40,4,0) -> 9
A13: 8 | B13: Phạm Thị Phương Thảo | D13: 31770 | E13: =VLOOKUP(B13,'Master List'!C9:G40,4,0) -> #N/A
A14: 9 | B14: Võ Thị Muội | D14: 28756 | E14: =VLOOKUP(B14,'Master List'!C10:G41,4,0) -> 9
A15: 10 | B15: Đặng Hà Đoan Dung | D15: 31273 | E15: =VLOOKUP(B15,'Master List'!C10:G42,4,0) -> 8
A16: 11 | B16: Huỳnh Thị Nhiên | D16: 30399 | E16: =VLOOKUP(B16,'Master List'!C11:G42,4,0) -> 3
A17: 12 | B17: Nguyễn Thành Trung | C17: 30376 | E17: =VLOOKUP(B17,'Master List'!C12:G42,4,0) -> 3
A18: 13 | B18: Nguyễn Thành Nhân | C18: 33626 | E18: =VLOOKUP(B18,'Master List'!C13:G42,4,0) -> 1
A19: 14 | B19: Phan Vũ Thịnh | C19: 32150 | E19: =VLOOKUP(B19,'Master List'!C14:G43,4,0) -> 1
A20: 15 | B20: Lê Minh Hoàng | C20: 32235 | E20: =VLOOKUP(B20,'Master List'!C15:G43,4,0) -> 4
A21: 16 | B21: Huỳnh Ngọc Hùng | C21: 32157 | E21: =VLOOKUP(B21,'Master List'!C16:G44,4,0) -> 1
A22: 17 | B22: Nguyễn Văn Trường | C22: 33336 | E22: =VLOOKUP(B22,'Master List'!C17:G44,4,0) -> 4
A23: 18 | B23: Nguyễn Ngọc Phi Hổ | C23: 29306 | E23: =VLOOKUP(B23,'Master List'!C18:G44,4,0) -> 3
A24: 19 | B24: Nguyễn Quốc Trị | C24: 29901 | E24: =VLOOKUP(B24,'Master List'!C19:G45,4,0) -> 11
A25: 20 | B25: Phạm Văn Vũ | C25: 32212 | E25: =VLOOKUP(B25,'Master List'!C20:G45,4,0) -> #N/A
A26: 21 | B26: Phan Phú Trường | C26: 25329 | E26: =VLOOKUP(B26,'Master List'!C21:G45,4,0) -> 5
A27: 22 | B27: Nguyễn Văn Pha | C27: 29221 | E27: =VLOOKUP(B27,'Master List'!C21:G46,4,0) -> 1
A28: 23 | B28: Dương Huỳnh Tâm Quyên | D28: 31247 | E28: =VLOOKUP(B28,'Master List'!C22:G46,4,0) -> 7
A29: 24 | B29: Dương Thái Luyến | C29: 32428 | E29: =VLOOKUP(B29,'Master List'!C23:G46,4,0) -> 10
A30: 25 | B30: Nguyễn Hoa Linh | D30: 32880 | E30: =VLOOKUP(B30,'Master List'!C24:G46,4,0) -> 1
A31: 26 | B31: Nguyễn Hữu Vương | C31: 34010 | E31: =VLOOKUP(B31,'Master List'!C25:G47,4,0) -> #N/A
A32: 27 | B32: Lê Văn Minh | C32: 31807 | E32: =VLOOKUP(B32,'Master List'!C26:G47,4,0) -> #N/A
A33: 28 | B33: Đoàn Thị Kim Tuyền | D33: 32086 | E33: =VLOOKUP(B33,'Master List'!C26:G47,4,0) -> 11
A34: 29 | B34: Nguyễn Thanh Nam | C34: 34993 | E34: =VLOOKUP(B34,'Master List'!C26:G47,4,0) -> 10
A35: 30 | B35: Huỳnh Long Hồ | C35: 32874 | E35: =VLOOKUP(B35,'Master List'!C27:G47,4,0) -> 1
A36: 31 | B36: Đoàn Văn Thuận | C36: 17899 | E36: =VLOOKUP(B36,'Master List'!C28:G47,4,0) -> #N/A
A37: 32 | B37: Hoàng Tăng Bảo Chánh | C37: 26442 | E37: =VLOOKUP(B37,'Master List'!C29:G47,4,0) -> 5
A38: 33 | B38: Âu Văn Vũ | C38: 32523 | E38: =VLOOKUP(B38,'Master List'!C29:G47,4,0) -> 1
A39: 34 | B39: Nguyễn Văn Trân | C39: 18553 | E39: =VLOOKUP(B39,'Master List'!C30:G47,4,0) -> 10
A40: 35 | B40: Huỳnh Minh Nghị | C40: 32303 | E40: =VLOOKUP(B40,'Master List'!C31:G47,4,0) -> 6
A41: 36 | B41: Phạm Văn Phụng | C41: 27395 | E41: =VLOOKUP(B41,'Master List'!C32:G50,4,0) -> 1
A42: 37 | B42: Lê Quốc Dũng | C42: 28628 | E42: =VLOOKUP(B42,'Master List'!C33:G50,4,0) -> 5
A43: 38 | B43: Nguyễn Duy Hải | C43: 33626 | E43: =VLOOKUP(B43,'Master List'!C34:G50,4,0) -> 1
A44: 39 | B44: Nguyễn Một Tê | C44: 21551 | E44: =VLOOKUP(B44,'Master List'!C35:G50,4,0) -> 1
A45: 40 | B45: Tô Văn Thành Vương | C45: 34502 | E45: =VLOOKUP(B45,'Master List'!C36:G50,4,0) -> #N/A
A46: 41 | B46: Ngô Điền Trung | C46: 35116 | E46: =VLOOKUP(B46,'Master List'!C37:G51,4,0) -> #N/A
A47: 42 | B47: Lê Văn Thịnh | C47: 33544 | E47: =VLOOKUP(B47,'Master List'!C37:G51,4,0) -> 11
A48: 43 | B48: Nguyễn Ngọc Quý | C48: 34103 | E48: =VLOOKUP(B48,'Master List'!C37:G51,4,0) -> 5
A49: 44 | B49: Lê Trọng Nghĩa | C49: 34490 | E49: =VLOOKUP(B49,'Master List'!C38:G51,4,0) -> #N/A
A50: 45 | B50: Nguyễn Thanh Hải | C50: 27425 | E50: =VLOOKUP(B50,'Master List'!C39:G52,4,0) -> #N/A
A51: 46 | B51: Lưu Văn Lưỡng | C51: 21186 | E51: =VLOOKUP(B51,'Master List'!C39:G52,4,0) -> 1
A52: 47 | B52: Phạm Quang Thái | C52: 34728 | E52: =VLOOKUP(B52,'Master List'!C39:G53,4,0) -> #N/A
A53: 48 | B53: Trịnh Tiến Mạnh | C53: 32053 | E53: =VLOOKUP(B53,'Master List'!C40:G53,4,0) -> #N/A
A54: 49 | B54: Võ Tấn Vương | C54: 32145 | E54: =VLOOKUP(B54,'Master List'!C40:G54,4,0) -> #N/A

Sheet DSTK2021
B1: DANH SÁCH TUYỂN DỤNG MỚI VÀ NGHỈ VIỆC 2021
A2: STT | B2: Họ và tên | C2: Vị trí | D2: Bộ Phận | E2: Ngày vào làm | F2: Ngày nghỉ việc
A3: Nhân viên tuyển dụng mới
A4: 1 | B4: Nguyễn Thiện Tâm | C4: Tài xế | D4: Hành chính nhân sự | E4: 44091
A5: 2 | B5: Lê Minh Hoàng | C5: CBKT | D5: Kỹ thuật - Thi công | E5: 44326
A6: 3 | B6: Phạm Văn Phụng | C6: bảo vệ | D6: Vật tư - Thiết bị | E6: 44341
A7: 4 | B7: Nguyễn Bảo Ngọc | C7: Nhân viên HCNS | D7: Hành chính nhân sự | E7: 44340
A8: 5 | B8: Lê Quốc Dũng | C8: Thủ kho kiêm bảo vệ | D8: Vật tư - Thiết bị | E8: 44487
A9: 6 | B9: Nguyễn Văn Út | C9: Thủ kho kiêm bảo vệ | D9: Vật tư - Thiết bị | E9: 44491
A10: 7 | B10: Nguyễn Duy Hải | C10: CBKT | D10: Kỹ thuật - Thi công | E10: 44494
A11: 8 | B11: Nguyễn Văn Nga | C11: Trưởng BPTB | D11: Vật tư - Thiết bị | E11: 44501
A12: 9 | B12: Nguyễn Một Tê | C12: Thủ kho kiêm bảo vệ | D12: Vật tư - Thiết bị | E12: 44525
A13: 10 | B13: Phạm Đức Tân | C13: Tài xế | D13: Hành chính nhân sự | E13: 44551
A14: Nhân viên nghỉ việc
A15: 1 | B15: Lư Đình Trọng | F15: 44214
A16: 2 | B16: Nguyễn Phương Khánh | F16: 44198
A17: 3 | B17: Huỳnh Văn Tân | D17: Đấu thầu | F17: 44234
A18: 4 | B18: Phạm Văn Đuốc | F18: 44234
A19: 5 | B19: Nguyễn Thị Ngọc Mỹ | D19: Kế toán | F19: 44234
A20: 6 | B20: Lê Quốc Bảo | F20: 44231
A21: 7 | B21: Nguyễn Văn Khoa | C21: QA-QC | D21: KTTC | F21: 44234
A22: 8 | B22: Lý Hoàng Duyên | F22: 44256
A23: 9 | B23: Lê Minh Hoàng | C23: CBKT | D23: Kỹ thuật - Thi công | F23: 44234
A24: 10 | B24: Nguyễn Minh Đức | F24: 44256
A25: 11 | B25: Huỳnh Minh Nghị | C25: M&E | D25: Kỹ thuật - Thi công | F25: 44256
A26: 12 | B26: Trần Ngọc Đức | F26: 44300
A27: 13 | B27: Nguyễn Văn Nuôi | F27: 44348
A28: 14 | B28: Lê Hoàng Duy | C28: CBKT | D28: Phòng Kỹ Thuật - Thi Công | F28: 44470
A29: 15 | B29: Lê Thị Diễm Phúc | C29: Nhân viên vật tư thiết bị | D29: Phòng Vật Tư - Thiết Bị | F29: 44564
A30: 16 | B30: Nguyễn Văn Hoa | C30: CBKT | D30: Kỹ thuật - Thi công | F30: 44391
A31: 17 | B31: Nguyễn Thiện Tâm | C31: Nhân viên vật tư thiết bị | D31: Phòng Vật Tư - Thiết Bị | F31: 44470
A32: 18 | B32: Phạm Hoàng Minh | C32: Thủ kho công trình | D32: Phòng Vật Tư - Thiết Bị | F32: không làm QĐNV
A33: 19 | B33: Trịnh Phú Quang | C33: Nhân viên Trắc đạc | D33: Phòng Kỹ Thuật - Thi Công | F33: 44531
A34: 20 | B34: Nguyễn Thanh Vũ | C34: Kĩ sư xây dựng | D34: Phòng Kỹ Thuật - Thi Công | F34: 44531
A35: 21 | B35: Lưu Văn Lưỡng | C35: Thủ kho kiêm bảo vệ | D35: Phòng Vật Tư - Thiết Bị | F35: 44531
A36: 22 | B36: Nguyễn Thị Thu Trinh | C36: Nhân viên HCNS | D36: Hành chính nhân sự | F36: 44494

Sheet DSTK2022
B1: DANH SÁCH TUYỂN DỤNG MỚI VÀ NGHỈ VIỆC 2022
A2: STT | B2: Họ và tên | C2: Vị trí | D2: Bộ Phận | E2: Ngày vào làm | F2: Ngày nghỉ việc
A3: Nhân viên tuyển dụng mới
A4: 1 | B4: Nguyễn Văn Việt | C4: Kỹ sư trắc đạc | D4: KTTC | E4: 44610
A5: 2 | B5: Phạm Đình | C5: Kỹ sư cầu đường | D5: KTTC | E5: 44621
A6: 3 | B6: Nguyễn Hoàng Vịnh | C6: Chỉ huy phó | D6: KTTC | E6: 44624
A7: 4 | B7: Tô Văn Thành Vương | C7: Kỹ sư cơ điện | D7: ME | E7: 44627
A8: 5 | B8: Nguyễn Thái Trung | C8: Kỹ sư trắc đạc | D8: KTTC | E8: 44641
A9: 6 | B9: Phạm Xuân Hòa | C9: Kỹ sư cầu đường | D9: KTTC | E9: 44652
A10: 7 | B10: Ngô Điền Trung | C10: Kỹ sư cầu đường | D10: KTTC | E10: 44684
A11: 8 | B11: Đỗ Văn Kiên | C11: Nhân viên lái máy đào | D11: Thiết bị | E11: 44690
A12: 9 | B12: Lê Văn Thịnh | C12: Kỹ sư cầu đường | D12: KTTC | E12: 44704
A13: 10 | B13: Nguyễn Ngọc Quý | C13: Kỹ sư trắc đạc | D13: KTTC | E13: 44705
A14: 11 | B14: Nhữ Văn Thành | C14: Kỹ sư cầu đường | D14: KTTC | E14: 44713
A15: 12 | B15: Nguyễn Thanh Hải | C15: Nhân viên lái xe tưới nước | D15: Thiết bị | E15: 44749
... A29: 26 | B29: Nguyễn Dũng | C29: Tài xế văn phòng | D29: HCNS | E29: 44886
A30: Nhân viên nghỉ việc
A31: 1 | B31: Nguyễn Văn Việt | C31: Kỹ sư trắc đạc | D31: KTTC | F31: 20/03/2022
A32: 2 | B32: Phạm Đình | C32: Kỹ sư cầu đường | D32: KTTC | F32: 04/05/2022
A33: 3 | B33: Nguyễn Hoàng Vịnh | C33: Chỉ huy phó | D33: KTTC | F33: 21/04/2022
A34: 4 | B34: Nguyễn Thái Trung | C34: Kỹ sư trắc đạc | D34: KTTC | F34: 22/4/2022
A35: 5 | B35: Phạm Xuân Hòa | C35: Kỹ sư cầu đường | D35: KTTC | F35: 07/04/2022
A36: 6 | B36: Đỗ Văn Kiên | C36: Nhân viên lái máy đào | D36: Thiết bị | F36: 44730
A37: 7 | B37: Nhữ Văn Thành | C37: Kỹ sư cầu đường | D37: KTTC | F37: 13/07/2022
A38: 8 | B38: Nguyễn Văn Hiệu | C38: Kỹ sư QA/QC | D38: KTTC | F38: 02/07/2022
A39: 9 | B39: Lê Minh Tiến | C39: Kỹ sư cầu đường | D39: KTTC | F39: 13/08/2022
A40: 10 | B40: Đoàn Mạnh | C40: Kỹ sư cầu đường | D40: KTTC | F40: 19/07/2022
A41: 11 | B41: Võ Ngọc Tân | C41: Kỹ thuật hiện trường và hồ sơ | D41: KTTC | F41: 26/09/2022
A42: 12 | B42: Võ Minh Ngôn | C42: Tài xế văn phòng | D42: HCNS | F42: 19/09/2022
A43: 13 | B43: Đoàn Nhật Tiến | C43: Tài xế văn phòng | D43: HCNS | F43: 21/11/2022
A44: 14 | B44: Nguyễn Tuấn Kiệt | C44: Cán bộ kỹ thuật cầu đường | D44: KTTC | F44: 03/10/2022
A45: 15 | B45: Trần Quốc Việt | C45: Cán bộ kỹ thuật cầu đường | D45: KTTC | F45: không nhận việc
A46: 16 | B46: Phạm Hồng Nhiên | C46: PGD Dân Dụng | D46: KTTC | F46: 44587
A47: 17 | B47: Phạm Ngọc Hưng | C47: Trưởng phòng Kế hoạch - Đấu thầu | D47: Kế hoạch - Đấu Thầu | F47: 44680
A48: 19 | B48: Võ Thành Vương | C48: Cán Bộ Kỹ Thuật | D48: KTTC | F48: 44685
A49: 20 | B49: Phạm Đức Tân | C49: Tài xế văn phòng | D49: HCNS | F49: 44680
A50: 21 | B50: Võ Tấn Vương | C50: Cán Bộ Kỹ Thuật | D50: KTTC | F50: 44743
A51: 22

Sheet Trung thu 2025
A1: DANH SÁCH NHẬN BÁNH TRUNG THU 2025 (BAO GỒM CHÍNH THỨC + THỬ VIỆC)
A4: Stt | B4: Họ và tên Nhân viên | C4: Giới tính | D4: Ngày thử việc | E4: Ngày nhận việc chính thức
A5: =SUBTOTAL(3,$B$5:B5) -> 1 | B5: Phạm Hoàng Anh | C5: Nam | E5: 40360
A6: =SUBTOTAL(3,$B$5:B6) -> 2 | B6: Phạm Hoàng Em | C6: Nam | D6: 43191 | E6: 43191
A7: =SUBTOTAL(3,$B$5:B7) -> 3 | B7: Nguyễn Hiếu Thiện | C7: Nam | D7: 43330 | E7: 43330
A8: =SUBTOTAL(3,$B$5:B8) -> 4 | B8: Nguyễn Bảo Ngọc | C8: Nữ | D8: 44341 | E8: 44504
A9: =SUBTOTAL(3,$B$5:B9) -> 5 | B9: Huỳnh Văn Lũy | C9: Nam | D9: 41192 | E9: 41192
A10: =SUBTOTAL(3,$B$5:B10) -> 6 | B10: Đồng Văn Thạch | C10: Nam | D10: 43739 | E10: 43739
A11: =SUBTOTAL(3,$B$5:B11) -> 7 | B11: Trần Văn Khình | C11: Nam | D11: 43899 | E11: 43960
A12: =SUBTOTAL(3,$B$5:B12) -> 8 | B12: Võ Thị Muội | C12: Nữ | D12: 40422 | E12: 40422
A13: =SUBTOTAL(3,$B$5:B13) -> 9 | B13: Đặng Hà Đoan Dung | C13: Nữ | D13: 42079 | E13: 42079
A14: =SUBTOTAL(3,$B$5:B14) -> 10 | B14: Huỳnh Thị Nhiên | C14: Nữ | D14: 43314 | E14: 43374
A15: =SUBTOTAL(3,$B$5:B15) -> 11 | B15: Nguyễn Thành Trung | C15: Nam | D15: 43678 | E15: 43709
A16: =SUBTOTAL(3,$B$5:B16) -> 12 | B16: Nguyễn Thành Nhân | C16: Nam | D16: 42081 | E16: 42081
A17: =SUBTOTAL(3,$B$5:B17) -> 13 | B17: Phan Vũ Thịnh | C17: Nam | D17: 43598 | E17: 43617
... A40: =SUBTOTAL(3,$B$5:B40) -> 36 | B40: Ngô Điền Trung | C40: Nam | D40: 44684 | E40: 44745
A41: =SUBTOTAL(3,$B$5:B41) -> 37 | B41: Lê Văn Thịnh | C41: Nam | D41: 44704 | E41: 23/07/2022
A42: =SUBTOTAL(3,$B$5:B42) -> 38 | B42: Nguyễn Ngọc Quý | C42: Nam | D42: 44705 | E42: 24/07/2022
A43: =SUBTOTAL(3,$B$5:B43) -> 39 | B43: Lê Trọng Nghĩa | C43: Nam | D43: 44729 | E43: 44790
A44: =SUBTOTAL(3,$B$5:B44) -> 40 | B44: Lưu Văn Lưỡng | C44: Nam | D44: 44767 | E44: 44767
A45: =SUBTOTAL(3,$B$5:B45) -> 41 | B45: Nguyễn Tuấn Anh | C45: Nam | D45: 45049 | E45: 45110
A46: =SUBTOTAL(3,$B$5:B46) -> 42 | B46: Nguyễn Văn Phòng | C46: Nam | D46: 45063 | E46: 45124
A47: =SUBTOTAL(3,$B$5:B47) -> 43 | B47: Thiềm Thanh Bình | C47: Nam | D47: 45068 | E47: 45129
A48: =SUBTOTAL(3,$B$5:B48) -> 44 | B48: Phạm Ngọc Hưng | C48: Nam | D48: 45100 | E48: 45100
A49: =SUBTOTAL(3,$B$5:B49) -> 45 | B49: Lê Thế Quyền | C49: Nam | D49: 45104 | E49: 45165
A50: =SUBTOTAL(3,$B$5:B50) -> 46 | B50: Nguyễn Minh Hiếu | C50: Nam | D50: 45152 | E50: 45213
A51: =SUBTOTAL(3,$B$5:B51) -> 47 | B51: Nguyễn Văn Nuôi | C51: Nam | D51: 45153 | E51: 45214
A52: =SUBTOTAL(3,$B$5:B52) -> 48 | B52: Phan Hoàng Hận | C52: Nam | D52: 45200 | E52: 45231
A53: =SUBTOTAL(3,$B$5:B53) -> 49 | B53: Trưởng phòng HCNS | C53: Nam | D53: 45915 | E53: 45945
A54: =SUBTOTAL(3,$B$5:B54) -> 50 | B54: Nguyễn Thị Thương | C54: Nữ | D54: 45474 | E54: 45536
... A62: =SUBTOTAL(3,$B$5:B62) -> 58 | B62: Nguyễn Minh Thọ | C62: Nam | D62: 45607 | E62: 45668
A63: =SUBTOTAL(3,$B$5:B63) -> 59 | B63: Trần Văn Khắc | C63: Nam | D63: 18/11/0224 | E63: 45675
A64: =SUBTOTAL(3,$B$5:B64) -> 60 | B64: Lê Thị Thúy | C64: Nữ | D64: 01/06/2024 | E64: 45444
A65: =SUBTOTAL(3,$B$5:B65) -> 61 | B65: Trần Vũ Luân | C65: Nam | D65: 45751 | E65: 45812
A66: =SUBTOTAL(3,$B$5:B66) -> 62 | B66: Nguyễn Tuấn Tài | C66: Nam | D66: 45755 | E66: 45816
A67: =SUBTOTAL(3,$B$5:B67) -> 63 | B67: Hoàng Hải Sang | C67: Nam | D67: 45763 | E67: 45763
A68: =SUBTOTAL(3,$B$5:B68) -> 64 | B68: Đặng Gia Khuyến | C68: Nam | D68: 45768 | E68: 45829
A69: =SUBTOTAL(3,$B$5:B69) -> 65 | B69: Trần Lê Minh | C69: Nam | D69: 45782 | E69: 45843
A70: =SUBTOTAL(3,$B$5:B70) -> 66 | B70: Cao Duy Linh | C70: Nam | D70: 45785 | E70: 45846
A71: =SUBTOTAL(3,$B$5:B71) -> 67 | B71: Nguyễn Văn Đại | C71: Nam | D71: 02/06/2025 | E71: 45902
A72: =SUBTOTAL(3,$B$5:B72) -> 68 | B72: Thái Văn Trị | C72: Nam | D72: 45839 | E72: 45901
A73: =SUBTOTAL(3,$B$5:B73) -> 69 | B73: Trần Tuấn Tú | C73: Nam | D73: 45839 | E73: 45901
A74: =SUBTOTAL(3,$B$5:B74) -> 70 | B74: Lê Anh Hào | C74: Nam | D74: 45848 | E74: 45910
A75: =SUBTOTAL(3,$B$5:B75) -> 71 | B75: Phan Ngọc Oanh | C75: Nam | D75: 45866 | E75: 45928
A76: =SUBTOTAL(3,$B$5:B76) -> 72 | B76: Bùi Thị Xuân | C76: Nữ | D76: 45905 | E76: 45966
A77: =SUBTOTAL(3,$B$5:B77) -> 73 | B77: Hải (thuế) | C77: Nam

Sheet Thong ke
A2: STT | B2: NĂM | C2: SỐ LƯỢNG | D2: QUẢN LÝ | E2: NHÂN VIÊN
A3: 1 | B3: 2010 | C3: 2 | D3: 2 | F3: =C3/$C$19 -> 0.027777778
A4: 2 | B4: 2011 | C4: 0 | F4: =C4/$C$19 -> 0
A5: 3 | B5: 2012 | C5: 1 | E5: 1 | F5: =C5/$C$19 -> 0.013888889
A6: 4 | B6: 2013 | C6: 2 | D6: 1 | E6: 1 | F6: =C6/$C$19 -> 0.027777778
A7: 5 | B7: 2014 | C7: 1 | E7: 1 | F7: =C7/$C$19 -> 0.013888889
A8: 6 | B8: 2015 | C8: 3 | D8: 1 | E8: 2 | F8: =C8/$C$19 -> 0.041666667
A9: 7 | B9: 2016 | F9: =C9/$C$19 -> 0
A10: 8 | B10: 2017 | C10: 2 | D10: 1 | E10: 1 | F10: =C10/$C$19 -> 0.027777778
A11: 9 | B11: 2018 | C11: 4 | D11: 2 | E11: 2 | F11: =C11/$C$19 -> 0.055555556
A12: 10 | B12: 2019 | C12: 6 | D12: 2 | E12: 4 | F12: =C12/$C$19 -> 0.083333333
A13: 11 | B13: 2020 | C13: 7 | F13: =C13/$C$19 -> 0.097222222
A14: 12 | B14: 2021 | C14: 7 | F14: =C14/$C$19 -> 0.097222222
A15: 13 | B15: 2022 | C15: 5 | F15: =C15/$C$19 -> 0.069444444
A16: 14 | B16: 2023 | C16: 8 | F16: =C16/$C$19 -> 0.11111111
A17: 15 | B17: 2024 | C17: 11 | F17: =C17/$C$19 -> 0.15277778
A18: 16 | B18: 2025 | C18: 13 | F18: =C18/$C$19 -> 0.18055556
C19: =SUM(C3:C18) -> 72 | D19: =SUM(D3:D18) -> 9 | E19: =SUM(E3:E18) -> 12 | F19: =SUM(F3:F18) -> 1

Sheet DSHD
A1: Stt | B1: DANH SÁCH HỢP ĐỒNG
A2: 1 | B2: Phan Vũ Thịnh
A3: 2 | B3: Huỳnh Ngọc Hùng
A4: 3 | B4: Nguyễn Quốc Trị
A5: 4 | B5: Phan Phú Trường
A6: 5 | B6: Huỳnh Long Hồ
A7: 6 | B7: Âu Văn Vũ
A8: 7 | B8: Nguyễn Ngọc Quý
A9: 8 | B9: Lý Hoàng Duyên
A10: 9 | B10: Nguyễn Tuấn Anh
A11: 10 | B11: Nguyễn Văn Phòng
A12: 11 | B12: Nguyễn Công Minh
A13: 12 | B13: Đặng Hoàng Nhựt Thắng
... A17: 16 | B17: Phan Hoàng Hận
